id,drug,ae,path_found
negsent1_376,"5-fluorouracil,cyclophosphamide,methotrexate",therapy,FALSE
pos_2454,morphine,"chronic nausea,confusion",FALSE
negsent1_486,adalimumab,treatment of moderate/severe psoriasis,FALSE
pos_1407,lithium,"focal seizure,prolonged seizure,serotonin syndrome",FALSE
pos_759,clozapine,akathisia,FALSE
negsent1_766,"simvastatin,cyclosporine","chronic posterior uveitis,hypercholesterolemia",FALSE
negsent1_1152,acyclovir,,FALSE
pos_3784,insulin,hypoglycaemia,FALSE
pos_2426,"sulfamethoxazole,trimethoprim","aseptic meningitis,hemolytic anemia,hepatitis,orthostatic hypotension",FALSE
pos_2645,ergotamine,"arterial spasm,fatal stroke",FALSE
pos_3181,amoxapine,oral-facial dyskinesia,FALSE
pos_2714,vancomycin,vasculitis,FALSE
pos_132,indinavir,angiolipomas,FALSE
pos_1199,"propylthiouracil,ptu",acute hepatic failure,FALSE
pos_3456,kw-2149,pulmonary toxicity,FALSE
pos_2648,clofazimine,nail changes,FALSE
pos_2314,sorafenib,"localized dyskeratotic plaque,milia",FALSE
pos_4120,risperidone,tardive dyskinesia,FALSE
pos_1684,"olanzapine,zyprexa","agranulocytosis,neutropenia",FALSE
negsent1_709,chloroquine,malaria,FALSE
pos_3302,bretylium,"cardiac arrests,fibrillation,ventricular tachycardia",FALSE
pos_758,risperidone,hypothermia,FALSE
pos_2328,sertraline,rhabdomyolysis,FALSE
pos_1063,clozapine,heatstroke,FALSE
negsent1_1368,sumatriptan,"migraine,acute headache",FALSE
pos_550,ethanol,subcutaneous metastasis,FALSE
negsent1_843,aspirin,"prophylaxis for vascular disease,meningiomas",FALSE
pos_2824,gold,pneumonitis,FALSE
pos_3257,asparaginase,antithrombin iii deficiency,FALSE
pos_3944,itraconazole,"drug eruption,primary cutaneous coccidioidomycosis",FALSE
negsent1_623,razoxane,,FALSE
negsent1_101,azithromycin,community-acquired pneumonia,FALSE
pos_4040,low-molecular weight heparin,skin necrosis,FALSE
pos_3064,ergot,"arteriospasm,gangrene of the extremities",FALSE
pos_457,salsalate,lichenoid drug eruption,FALSE
negsent1_502,"minoxidil,topical minoxidil,extemporaneous formulations of the drug",two deaths,FALSE
negsent1_226,"methotrexate,iopamidol","retrospective review,intravenous contrast medium,treatment",FALSE
pos_2150,aspirin,hemorrhage,FALSE
negsent1_851,"etoposide,oral etoposide",,FALSE
pos_92,danazol,hepatic adenomas,FALSE
pos_237,paclitaxel,"neurotoxicity,phantom limb pain",FALSE
pos_2080,alendronate,nodular scleritis,FALSE
negsent1_206,cisplatin,"carcinoma of the cervix with recurrent abdominal and thoracic disease,radiation for local control of pelvic disease",FALSE
negsent1_651,"risperidone,clozapine",treating psychosis in parkinsonian patients,FALSE
negsent1_855,adriamycin,,FALSE
negsent1_2,diphenylhydantoin,seizure control,FALSE
pos_3804,dapsone,"dapsone reaction,fatal",FALSE
pos_2062,itraconazole,acute hepatitis,FALSE
negsent1_200,"mirtazapine,lorazepam",,FALSE
negsent1_1299,"benztropine,tacrine",delirium,FALSE
pos_1201,propylthiouracil,acute hepatic failure,FALSE
negsent1_505,tamoxifen,"exploratory laparotomy,right adnexal mass,ovarian malignancy",FALSE
neg_169,olanzapine,akathisia,FALSE
pos_3915,praziquantel,large cerebral infarction,FALSE
pos_2807,calcium hopantenate,"pantothenic acid deficiency,reye-like syndrome",FALSE
pos_2438,cytosine arabinoside,"bulbar,pseudobulbar palsy",FALSE
pos_446,indinavir,"interstitial nephritis,nephrolithiasis",FALSE
negsent1_1491,olanzapine,"reduction in the dose,normalization of the white blood count",FALSE
pos_813,"infliximab,methotrexate",lupus-like syndrome,FALSE
pos_1728,"nevirapine,viramune",fulminant hepatitis,FALSE
pos_1401,baclofen,withdrawal syndrome,FALSE
pos_1597,hcq,cardiac arrhythmias,FALSE
negsent1_313,"morphine,morphine-6-glucuronide","clinically significant effects,mild renal insufficiency",FALSE
negsent1_660,"psoralens,psoralen",treatment of vitiligo,FALSE
pos_3926,colchicine,delay corneal wound healing,FALSE
pos_2478,erlotinib,ild,FALSE
negsent1_1092,procainamide,,FALSE
pos_2773,dapsone,hypersensitivity syndrome,FALSE
pos_409,cbz,seizures,FALSE
pos_61,insulin,hives,FALSE
pos_808,"5-aminosalicylic acid,5-asa","atrophy,gait disturbance,weakness,worsening of the dysesthesia",FALSE
pos_2041,pegaptanib,incomplete posterior hyaloid detachment,FALSE
pos_3897,esmolol,esmolol toxicity,FALSE
pos_1307,raloxifene,malignant mixed mesodermal tumor,FALSE
pos_523,octreotide,hepatolithiasis,FALSE
negsent1_148,"lopinavir,ritonavir,lopinavir/ritonavir",,FALSE
pos_903,bleomycin,scleroderma,FALSE
pos_21,mtx,neurotoxicity,FALSE
pos_1504,"lopinavir,ritonavir,valproic acid",bipolar disorder,FALSE
negsent1_671,"nortriptyline,norepinephrine","generalized grand mal seizures,hypotension",FALSE
pos_3389,mtx,"acute hypersensitivity reaction,severe dermatologic toxicity",FALSE
negsent1_1411,tamoxifen,"undesirable affects,chemotherapy",FALSE
negsent1_1079,"methimazole,subcutaneous granulocyte colony-stimulating factor",treatment,FALSE
pos_1541,ifosfamide,nonconvulsive status epilepticus,FALSE
negsent1_348,fluoxetine,"potentiation of serotonergic neurons,disinhibited release of saccades",FALSE
negsent1_254,"fluoxetine,amitriptyline,nortriptyline,imipramine,desipramine,protriptyline,trimipramine,tricyclics",,FALSE
neg_90,methylprednisolone,adrenal suppression,FALSE
negsent1_338,ranibizumab,injection,FALSE
pos_3749,methotrexate,accelerated nodulosis,FALSE
pos_4035,danazol,thrombocytopenia,FALSE
pos_388,valacyclovir,neurotoxicity,FALSE
negsent1_296,"cyclophosphamide,mitoxantrone",,FALSE
pos_3821,phenytoin,"abnormal liver function tests,erythroderma,fever,phenytoin hypersensitivity syndrome,pinhead-sized facial pustules,tibial and facial oedema",FALSE
pos_2603,procainamide,incessant orthodromic atrioventricular tachycardia,FALSE
pos_1972,methotrexate,diffuse papular eruption,FALSE
pos_986,tacrolimus,reflex sympathetic dystrophy syndrome,FALSE
pos_1438,srl,hepatoxicity,FALSE
pos_3319,perhexiline maleate,fatal perhexiline maleate liver injury,FALSE
pos_3993,tamoxifen,carcinogenic,FALSE
pos_3190,cephalosporin,coagulopathy,FALSE
negsent1_1444,reserpine,,FALSE
pos_144,ifosfamide,ifosfamide-induced encephalopathy,FALSE
pos_1174,rosiglitazone,severe hypo-alpha-lipoproteinemia,FALSE
negsent1_756,levamisole,,FALSE
pos_2428,"sulfamethoxazole,trimethoprim","aseptic meningitis,hemolytic anemia,hepatitis,orthostatic hypotension",FALSE
pos_134,clozapine,serum triglyceride levels increased,FALSE
pos_4196,pranlukast,tubulointerstitial nephritis,FALSE
pos_964,budesonide,"angioedema,dysphagia",FALSE
pos_1818,pentamidine,cutaneous ulceration,FALSE
pos_2566,ifosfamide,tubulopathies,FALSE
pos_1314,anti-d igiv,"acute hemoglobinemia,hemoglobinuria",FALSE
pos_673,amiodarone,visual changes,FALSE
pos_98,doxetaxel,glaucoma,FALSE
pos_1950,thalidomide,"multiple syncopal episodes,sustained ventricular tachycardia",FALSE
pos_999,ciprofloxacin,ten,FALSE
pos_3580,bromocriptine,schizophrenia,FALSE
pos_1123,indapamide,"diabetes,impairing carbohydrate metabolism",FALSE
negsent1_1063,desferrioxamine,,FALSE
pos_2674,amiodarone,thyrotoxicosis,FALSE
pos_1155,ciprofloxacin,acute renal insufficiency,FALSE
pos_875,"ciprofloxacin,piperacillin,tazobactam",thrombocytosis,FALSE
pos_2952,nifedipine,"hypotension,sinus arrest",FALSE
pos_2174,oxcarbazepine,"dress,drug reaction with eosinophilia and systemic symptoms",FALSE
negsent1_59,lithium,intravenous hydration therapy,FALSE
negsent1_54,vancomycin,,FALSE
negsent1_527,erlotinib,reticular infiltration,FALSE
pos_328,cyclophosphamide,hepatic angiosarcoma,FALSE
pos_2665,haloperidol,wes,FALSE
pos_2193,heparin,thrombosis,FALSE
negsent1_1459,rifabutin,conventional treatment,FALSE
pos_2892,"methimazole,propranolol","athelia,choanal atresia,mental retardation",FALSE
pos_792,insulin,"ascites,peripheral oedema,pleural effusion,severe anasarca",FALSE
pos_1777,perospirone hydrochloride,diabetic ketoacidosis,FALSE
pos_672,amiodarone hcl,"color vision anomalies,decreased vision,glare,visual ""shining",FALSE
pos_3759,captopril,severe cholestatic jaundice,FALSE
pos_2061,anastrozole,acute renal failure,FALSE
pos_3870,cresol,mh,FALSE
pos_3116,lithium carbonate,tremor,FALSE
pos_260,ritonavir,"clinical toxicity,diminishing carbamazepine metabolism,increase in serum levels",FALSE
negsent1_1392,heparin,"bilateral lower extremity arterial thrombi,lower extremity thrombectomies",FALSE
pos_653,valproate,valproate embryopathy,FALSE
pos_3985,lovastatin,rhabdomyolysis,FALSE
pos_2147,ivta,asppc,FALSE
negsent1_197,ciprofloxacin,"personality abnormalities,symptoms of psychosis",FALSE
pos_1343,"interferon-alfa,ribavirin",diabetes mellitus,FALSE
neg_75,clozapine,td,FALSE
negsent1_1154,cloxacillin,acute cellulitis,FALSE
pos_1243,"carmustine,gliadel",cerebral edema,FALSE
pos_190,nitrofurantoin,"distortion of the lung parenchyma,fibrosis,pulmonary toxicity,widespread reticular pattern",FALSE
pos_3496,gentamicin,renal failure,FALSE
negsent1_948,"gold,gold therapy",clinical course,FALSE
pos_3016,adenine arabinoside,"hyponatremia,syndrome of inappropriate antidiuretic hormone",FALSE
pos_693,"methazolamide,neptazane","acute respiratory failure,metabolic acidosis",FALSE
pos_3323,treosulfan,acute leukemia,FALSE
pos_1798,"infliximab,infliximab",osteomyelitis,FALSE
negsent1_1160,disulfiram,"catatonia,syndrome",FALSE
pos_1673,rituximab,bronchiolitis obliterans with organizing pneumonia,FALSE
pos_441,"ono-1078,pranlukast",interstitial pneumonia,FALSE
pos_2816,cyclophosphamide,porphyria cutanea tarda,FALSE
pos_2923,methimazole,cholestatic liver injury,FALSE
neg_88,lithium,renal failure,FALSE
negsent1_482,arginine,profound hyperkalemia,FALSE
pos_2315,sorafenib,atypical localized cutaneous eruption,FALSE
neg_118,etanercept,cd,FALSE
pos_3731,"halfan,mefloquine","cardiac arrests,deaths",FALSE
negsent1_543,brimonidine,symptoms,FALSE
pos_1189,"pegylated interferon alpha-2a,ribavirin","anemia,progressive malaise",FALSE
pos_643,mitomycin-c,hemolytic uremic syndrome,FALSE
pos_2792,timolol,ocular pemphigoid,FALSE
negsent1_678,milnacipran,piloerection,FALSE
negsent1_928,"colchicine,statin,statins",similar clinical and laboratory characteristics,FALSE
pos_1627,capecitabine,acute coronary syndrome,FALSE
negsent1_36,hydroxychloroquine,subtle perifoveal ophthalmoscopic pigmentary changes,FALSE
negsent1_73,"methotrexate,cytosine arabinoside","chemotherapy,prophylaxis,treatment of central nervous system leukemia",FALSE
pos_3477,tamoxifen,secretory carcinoma of the endometrium,FALSE
negsent1_920,"risperidone,antipsychotics",,FALSE
pos_172,ibuprofen,"dizziness,gi upset,mild sedation",FALSE
pos_2590,acyclovir,"fever,pleural effusion,pulmonary infiltrates",FALSE
pos_1102,prostaglandin,trichiasis,FALSE
negsent1_605,"levetiracetam,sodium valproate",,FALSE
negsent1_1130,haloperidol,delirium in critically ill adults,FALSE
negsent1_519,desmopressin,,FALSE
pos_428,taxol,peripheral neuropathy,FALSE
pos_3365,hycanthone,hepatotoxicity,FALSE
negsent1_946,captopril,drug-induced cutaneous reactions,FALSE
pos_3696,piritrexim,"abnormal chest x-ray with diffuse interstitial opacities,respiratory dysfunction",FALSE
negsent1_67,succinylcholine,mucositis,FALSE
pos_913,valproic acid,coma,FALSE
negsent1_58,oxaliplatin,,FALSE
pos_3582,methotrexate,"concurrent acute megaloblastic anaemia,pneumonitis",FALSE
pos_3400,ketorolac,ototoxicity,FALSE
negsent1_916,flupirtine,"membrane stabilizing,hyperpolarizing effects",FALSE
pos_3640,lithium,exophthalmos,FALSE
neg_126,dexamethasone,left ventricular outflow tract obstruction,FALSE
pos_1697,calcium stearate,acute eosinophilic pneumonia,FALSE
pos_12,"bh-ac,idarubicin",encephalopathy syndrome,FALSE
pos_3771,"ifosfamide,mesna",unresponsive,FALSE
pos_1521,"methotrexate,mtx",stroke-like leukoencephalopathy,FALSE
pos_645,cladribine,systemic vasculitis,FALSE
negsent1_1111,sulfadiazine,renal toxic reaction,FALSE
pos_2874,"ritodrine,terbutaline",pulmonary edema,FALSE
pos_504,ofloxacin,toxic epidermal necrolysis,FALSE
pos_4012,"ara-c,cytosine arabinoside","fever,gastrointestinal tract symptoms,infectious complications,severe myalgias",FALSE
pos_1923,methotrexate,pneumocystis carinii pneumonia,FALSE
pos_442,indinavir,renal colicky pain,FALSE
negsent1_1204,phenytoin,,FALSE
pos_50,clozapine,"agranulocytosis,neutropenia",FALSE
pos_1379,"corticosteroids,sodium hyaluronate",staphylococcus aureus knee arthritis,FALSE
pos_539,captopril,cutaneous side-effects,FALSE
pos_2644,metoclopramide,parkinsonism,FALSE
neg_100,clozapine,eosinophilia,FALSE
pos_448,indinavir,papillary necrosis,FALSE
pos_2998,rifampicin,renal insufficiency,FALSE
negsent1_451,"fluvoxamine,milnacipran","alpha(1)-adrenoceptor occupancy by endogenous norepinephrine was increased in a dose-dependent manner,fluvoxamine had essentially no effect",FALSE
negsent1_673,"gold,sulfur",immune complex deposition,FALSE
pos_4046,5-aminosalicylic acid,acute pancreatitis,FALSE
pos_1000,amifostine,fever,FALSE
pos_2340,carbamazepine,hyperammonemia,FALSE
pos_330,ara-c,"bullous lesions on the hands and soles that disseminated, evolving to necrosis,death,sepsis",FALSE
pos_3750,methotrexate,"macrophage activation syndrome,methotrexate toxicity",FALSE
pos_1688,olanzapine,"camptocormia,mild parkinsonian signs",FALSE
pos_4057,methicillin,nephropathy,FALSE
pos_3587,levo-dopa,diphasic dyskinesias,FALSE
pos_2036,"dextroamphetamine,methylphenidate","acral cyanosis,livedo reticularis,raynaud phenomenon",FALSE
pos_2638,penicillamine,nail-changes,FALSE
pos_4107,lamotrigine,ten,FALSE
pos_2359,bevacizumab,"acute vision loss,change of consciousness",FALSE
pos_2555,pyridostigmine bromide,bromide intoxication,FALSE
pos_4109,lamotrigine,fatal toxic epidermal necrolysis,FALSE
pos_3643,lithium,"severe exophthalmos,thyrotoxicosis",FALSE
pos_1833,lenalidomide,hypersensitivity pneumonitis-like syndrome,FALSE
pos_2660,morphine-6-glucuronide,respiratory depression,FALSE
pos_3108,fluoxetine,mania,FALSE
pos_1885,"cyclosporine,mmf,prednisone",anemia,FALSE
pos_3773,ifosfamide,central nervous system (cns) toxicity,FALSE
negsent1_520,"acyclovir,lithium",interfere with the renal excretion,FALSE
pos_898,sulfasalazine,"diffuse pulmonary shadowing,skin pigmentation",FALSE
pos_1926,leflunomide,"abdominal sepsis,cellulitis,disseminated herpes zoster,gastroenteritis,infection,lower respiratory tract infections,mycotic aneurysm,tb liver",FALSE
pos_4076,penicillamine,"acute dystonia,thalamic and brainstem lesions",FALSE
pos_912,13-cis-retinoic acid,acne fulminans,FALSE
negsent1_965,acetohexamide,,FALSE
pos_1886,oxcarbazepine,angioedema,FALSE
negsent1_973,adenosine,given in a standard fashion,FALSE
pos_1932,"carbamazepine,cbz,oxc,oxcarbazepine",status migrainosus,FALSE
negsent1_1151,olanzapine,,FALSE
pos_494,benztropine,"abdominal pain,confusion,distention",FALSE
pos_2141,ceftriaxone,fde,FALSE
pos_739,melphalan,gtbm,FALSE
negsent1_1212,carbamazepine,,FALSE
pos_2852,minoxidil,"arteriosclerotic disease,hypertension,myocardial infarction",FALSE
negsent1_7,cloxacillin,,FALSE
pos_3509,mannitol,"arf,nephrotoxicity",FALSE
negsent1_275,"bisphosphonate,bisphosphonates",orthodontic treatment,FALSE
pos_1130,imatinib,progression of marrow reticulin fibrosis,FALSE
negsent1_426,all-trans retinoic acid,"acute promyelocytic leukemia,all-trans retinoic acid syndrome",FALSE
negsent1_967,cyclophosphamide,,FALSE
pos_840,interferon alpha,bilateral optic neuritis,FALSE
negsent1_137,"ritonavir,liponavir/ritonavir,abacavir/lamivudine",,FALSE
pos_3169,dcf,"immunosuppression,superinfection",FALSE
neg_142,zidovudine,anaemia,FALSE
pos_3973,tamoxifen,"intermittent spotting,uterine enlargement",FALSE
pos_3658,il-2,cognitive dysfunction,FALSE
negsent1_880,infliximab,,FALSE
pos_1527,triazolam,"amnesia,nocturnal bingeing",FALSE
negsent1_820,chloroquine,"predicted maximum serum concentration,fatal chloroquine overdose",FALSE
pos_507,"g-csf,granulocyte colony-stimulating factor",neutrophilic dermatoses,FALSE
pos_3988,"azithromycin,clarithromycin,lovastatin",rhabdomyolysis,FALSE
pos_2420,pegylated interferon,"irreversible decrease of visual acuity,ocular complications",FALSE
negsent1_1195,amiodarone,hypothyroid status,FALSE
pos_1589,zafirlukast,hypereosinophilia,FALSE
pos_1602,olanzapine,"uncontrolled diabetes mellitus,weight gain",FALSE
pos_1076,methotrexate,fatal acute encephalomyelitis,FALSE
pos_2787,salicylate,hepatotoxicity,FALSE
pos_456,olanzapine,dead,FALSE
pos_1810,gemcitabine,recall pneumonitis,FALSE
pos_2653,captopril,asthma,FALSE
pos_3295,gold,skin disturbances,FALSE
negsent1_1399,imiquimod,topical immune response,FALSE
pos_3298,"disopyramide phosphate,norpace","chb,complete heart block",FALSE
pos_268,minocycline,autoimmune hepatitis,FALSE
negsent1_917,"lorcainide,diuretics",hyponatremia,FALSE
negsent1_753,"clindamycin,ampicillin",,FALSE
negsent1_924,"hyperbaric oxygen,hyperbaric oxygen therapy",cerebral palsy,FALSE
negsent1_613,sucralfate,duodenal ulcer,FALSE
negsent1_810,tolazoline,"persistent pulmonary hypertension,meconium aspiration syndrome",FALSE
negsent1_471,"ifosfamide,phenytoin",patient's mental status returned to baseline,FALSE
negsent1_1305,"tamoxifen,tamoxifen citrate","breast cancer,left ovarian tumor",FALSE
negsent1_1333,phenytoin,toxicity,FALSE
pos_2379,lamotrigine,severe apnea,FALSE
pos_117,codeine,codeine intoxication,FALSE
negsent1_1331,ifosfamide,central nervous system toxicity,FALSE
negsent1_433,oxygen,intraoperative oxygen concentration,FALSE
neg_20,minocycline,autoimmune hepatitis,FALSE
pos_4209,niacin,intense dental and gingival pain,FALSE
pos_2117,warfarin,"priapism,stuttering",FALSE
pos_425,gemcitabine,"labd,linear immunoglobulin (ig) a bullous dermatosis",FALSE
negsent1_300,chloroquine,"narrow therapeutic index,dosing regimens,dispensed by untrained personnel",FALSE
pos_1029,infliximab,"increase in the number of apneic events,sao2 dips",FALSE
negsent1_679,adriamycin,cardiomyopathy,FALSE
pos_552,tamoxifen,endometrial disorders,FALSE
pos_1764,"sulfamethoxazole,trimethoprim",thrombotic thrombocytopenic purpura,FALSE
negsent1_1275,carmustine,side effect,FALSE
negsent1_641,human insulin,lipoatrophy,FALSE
negsent1_982,pioglitazone,"aggressive diuresis,weight loss",FALSE
negsent1_1104,heparin,"dialyzer circuit thrombosed,platelet count decreased",FALSE
negsent1_845,meloxicam,,FALSE
pos_3869,"cresol,insulin","high fever,increasing myalgia,lost consciousness,respiratory and metabolic acidosis",FALSE
negsent1_273,"methotrexate,prednisone",treatment,FALSE
negsent1_1170,quinidine,closed mitral valvotomy,FALSE
negsent1_1367,nimesulide,,FALSE
pos_3754,cisplatin,c. difficile colitis,FALSE
pos_1800,"citalopram,fentanyl",serotonin syndrome,FALSE
negsent1_457,argatroban,"discontinued,infusion was initiated",FALSE
pos_1811,gemcitabine,"dry cough,dyspnea,subfebrile temperatures",FALSE
negsent1_359,warfarin,,FALSE
negsent1_408,oxaliplatin,hemolytic-uremic syndrome,FALSE
pos_2784,human growth hormone,creutzfeldt-jakob disease,FALSE
pos_1871,5-fluorouracil,cardiotoxicity,FALSE
pos_2203,"infliximab,leflunomide",syringotropic hypersensitivity reaction,FALSE
pos_3957,"cephalexin,ampicillin",rash,FALSE
pos_325,"etanercept,methotrexate",atrial fibrillation,FALSE
pos_326,cyclophosphamide,hepatic angiosarcoma,FALSE
pos_2778,nafcillin,seizures,FALSE
negsent1_1271,sodium bisulfite,positive reaction,FALSE
negsent1_950,risperidone,"psychosis,akinetic-rigid syndromes",FALSE
pos_1111,bimatoprost,deepening of lid sulcus,FALSE
pos_2869,cyclophosphamide,severe restrictive ventilatory defect,FALSE
pos_1069,"bimatoprost,latanoprost",cystoid macular edema,FALSE
neg_148,procainamide,diffuse proliferative glomerulonephritis,FALSE
pos_1774,lithium,pulmonary hypertension,FALSE
pos_956,"brompheniramine,dextromethorphan,pseudoephedrine",fatality,FALSE
pos_1765,"sulfamethoxazole,trimethoprim",thrombotic thrombocytopenic purpura,FALSE
pos_878,chymopapain,anaphylaxis,FALSE
pos_1844,bleomycin,skin toxicity,FALSE
pos_1562,dipyrone,granulocytopenia,FALSE
negsent1_1065,olanzapine,measurement of olanzapine in brain tissue,FALSE
neg_8,ethambutol,visual loss,FALSE
pos_2905,monooctanoin,noncardiogenic pulmonary edema,FALSE
pos_3306,lithium,nephrotic syndrome,FALSE
pos_475,dipivefrin,cicatrical entropion,FALSE
negsent1_1475,mineral oil,,FALSE
pos_2483,cisplatin,"siadh,syndrome of inappropriate antidiuretic hormone",FALSE
pos_2151,aspirin,enlargement of spontaneous hemorrhage,FALSE
pos_3313,timolol,"dyspnea,sinus bradycardia",FALSE
negsent1_1350,carbamazepine,"bipolar disorder,seizures,mild mental retardation,traumatic brain injury,aggression,seizure control",FALSE
negsent1_363,"desmopressin,intranasal desmopressin",primary nocturnal enuresis,FALSE
pos_3641,lithium,polyuria,FALSE
pos_1178,quetiapine,death,FALSE
pos_267,minocycline,autoimmune hepatitis,FALSE
negsent1_181,"dextroamphetamine,medications",improved,FALSE
pos_3053,bleomycin,aortic wall in this case was damaged,FALSE
neg_79,bisphosphonate,renal impairment,FALSE
negsent1_431,thrombin,"percutaneous thrombin injection,arterial pseudoaneurysms",FALSE
pos_4028,acetazolamide,"acetazolamide intoxication,acute hemorrhagic gastritis",FALSE
pos_2818,"iodine,povidone",acute renal failure,FALSE
pos_844,dapsone,fatal agranulocytosis,FALSE
negsent1_362,acyclovir,,FALSE
pos_522,octreotide,hepatolithiasis,FALSE
pos_3300,bretylium,"cardiac arrest,ventricular arrhythmia",FALSE
negsent1_1443,gelatine,,FALSE
pos_2500,"sirolimus,tacrolimus",worsening of chronic aphthous ulcers,FALSE
pos_188,troglitazone,fulminant hepatic failure,FALSE
pos_1406,propofol,acute pancreatitis,FALSE
pos_3579,diphenylhydantoin,porphyria,FALSE
pos_4025,"carbamazepine,clarithromycin",carbamazepine toxicity,FALSE
pos_608,il-2,mortality rate <3,FALSE
neg_31,methylprednisolone,hepatotoxicity,FALSE
pos_3275,cimetidine,"hepatic dysfunction,impaired macrophage migration",FALSE
pos_3448,inh,refractory seizures,FALSE
pos_1147,linezolid,sideroblastic anemia,FALSE
pos_2407,methylprednisolone,hepatotoxicity,FALSE
pos_391,cyproterone acetate,femoral head avascular necrosis,FALSE
negsent1_1358,tamoxifen,"endometrial proliferation,hyperplasia,polyp formation,invasive carcinoma,uterine sarcoma",FALSE
negsent1_533,dalteparin,"effusion,bleed",FALSE
pos_1544,bcg,cutaneous mycobacterial infection,FALSE
pos_887,isoniazid,bilateral gynaecomastia,FALSE
negsent1_627,serine,"disturbances in serine and glycine excretion,psychotic episodes",FALSE
pos_656,ticlopidine,aplastic anemia,FALSE
pos_2063,itraconazole,severe and irreversible hepatotoxic events,FALSE
pos_342,olanzapine,"agranulocytosis,leukopenia",FALSE
pos_3017,adenine arabinoside,inappropriate antidiuretic hormone,FALSE
negsent1_941,carbamazepine,coronary artery bypass grafting,FALSE
negsent1_439,"verapamil,sustained-release verapamil","hypertension,bronchial asthma",FALSE
neg_24,"vancomycin,teicoplanin",neutropenia,FALSE
pos_3171,vasopressin,"renal damage,skeletal muscle ischemia",FALSE
negsent1_574,thalidomide,treatment,FALSE
pos_2168,propranolol,syncope,FALSE
pos_422,gemcitabine,cutaneous eruption,FALSE
pos_3682,tryptophan,eosinophilia myalgia syndrome,FALSE
pos_835,interferon alpha,neurological manifestations,FALSE
pos_2482,cisplatin,"siadh,syndrome of inappropriate antidiuretic hormone",FALSE
pos_1843,bleomycin,hyperpigmentation,FALSE
pos_3703,paracetamol,"hepatotoxic effects,hepatotoxicity",FALSE
negsent1_1188,cyclosporine,"myasthenia gravis,nephrotoxicity",FALSE
negsent1_1168,acyclovir,,FALSE
negsent1_557,"13-cis-retinoic acid,systemic steroid","treatment,cleared the systemic manifestations and skin lesions",FALSE
negsent1_886,carboplatin,"desensitization,bilateral optic glioma",FALSE
negsent1_263,haloperidol,delirium and agitation,FALSE
negsent1_526,dapsone,rheumatoid arthritis,FALSE
pos_2879,prazosin,hemorrhagic stroke,FALSE
pos_3245,isoniazid,histamine reaction,FALSE
negsent1_1352,"doxorubicin,digoxin",received between 550 and 1000 mg/m2 of doxorubicin without ill effect,FALSE
pos_909,carbamazepine,sle,FALSE
pos_35,omeprazole,eruption,FALSE
pos_2765,vincristine,optic nerve toxicity,FALSE
pos_3806,lithium,"ndi,nephrogenic diabetes insipidus",FALSE
pos_76,5-fu,life-threatening complications,FALSE
pos_3795,desmopressin,"hyponatremia,syndrome of inappropriate antidiuretic hormone",FALSE
pos_520,octreotide,hepatolithiasis,FALSE
negsent1_905,"prostaglandin,prostaglandin analog medications",glaucoma therapy,FALSE
pos_3934,flurbiprofen,delayed hypersensitivity,FALSE
pos_2669,ibuprofen,ulcerative proctitis,FALSE
pos_591,olanzapine,neuroleptic malignant syndrome,FALSE
pos_1408,rituximab,cd20-negative t-cell-rich b-cell lymphoma,FALSE
pos_2835,gentamicin,macular infarction,FALSE
pos_3318,perhexiline maleate,liver disease,FALSE
negsent1_1288,"5-fluorocytosine,cephradine,ketoconazole",toxic epidermal necrolysis,FALSE
negsent1_1403,"metoclopramide,procainamide",reaction,FALSE
pos_2764,vincristine,severe visual loss,FALSE
negsent1_485,phosphate,,FALSE
neg_2,insulin,allergic symptoms,FALSE
pos_3283,l-asparaginase,"acute pancreatitis,pseudocyst of the pancreas",FALSE
pos_3871,cresol,mh,FALSE
pos_4128,sulprostone,cardiac arrest,FALSE
pos_2006,olanzapine,photo-onycholysis,FALSE
pos_487,vincristine,severe neurotoxicity,FALSE
negsent1_1043,raloxifene,osteoporosis,FALSE
negsent1_1384,"bimatoprost,topical bimatoprost",complication,FALSE
negsent1_470,cyclosporine,reaction,FALSE
pos_1454,vardenafil,atrial fibrillation,FALSE
pos_2065,itraconazole,"acute cytolytic hepatitis,hepatitis",FALSE
negsent1_1412,"ciprofloxacin,piperacillin,tazobactam,cefpirome,tazobactam/piperacillin","acute, hypertensive, intracerebral bleeding",FALSE
negsent1_602,argatroban,hemodialysis,FALSE
pos_1564,"efalizumab,infliximab",cd8+ cutaneous lymphoproliferative disorders,FALSE
pos_1867,colchicine,rhabdomyolysis,FALSE
pos_1657,5-fluorouracil,neurotoxicity,FALSE
negsent1_733,methysergide,migraine headaches,FALSE
pos_2624,dapsone,erythroderma,FALSE
pos_2070,recombinant insulin-like growth factor-i,anaphylactic reaction,FALSE
negsent1_25,"azithromycin,intravenous azithromycin",,FALSE
neg_41,oxaliplatin,hemolytic-uremic syndrome,FALSE
pos_925,norethisterone,"diabetes mellitus,gestational diabetes,impaired glucose tolerance",FALSE
pos_1465,insulin,lipohypertrophy,FALSE
pos_3359,miconazole,cardiorespiratory toxicity,FALSE
negsent1_875,amiodarone,cardiac arrhythmia,FALSE
negsent1_1308,colchicine,mixed connective tissue disease,FALSE
pos_261,"carbamazepine,ritonavir",carbamazepine toxicity,FALSE
pos_486,vincristine,life-threatening vincristine neurotoxicity,FALSE
pos_2330,cisplatin,tumor lysis syndrome,FALSE
pos_460,amphotericin b,seizures,FALSE
pos_2253,bisphosphonate,osteonecrosis of the skull base,FALSE
negsent1_500,"imatinib,allopurinol,hydration",tumor lysis syndrome,FALSE
pos_3450,phenylephrine,arterial hypertension,FALSE
pos_306,colchicine,"colchicine intoxication,near fatal",FALSE
negsent1_1334,carbamazepine,,FALSE
pos_2302,sunitinib,"development of abnormally large mammary glands,pain,peri-areolar erythema",FALSE
pos_436,"5-fluorouracil,oxaliplatinum","bilateral patchy pulmonary infiltrates,diarrhoea,t-cd4+ lymphopenia",FALSE
pos_2218,methotrexate,iron deficiency anemia,FALSE
pos_1152,ciprofloxacin,acute renal insufficiency,FALSE
negsent1_1312,methylephedrine,ischemic stroke,FALSE
pos_667,gemcitabine,hus,FALSE
pos_2228,gemcitabine,hus,FALSE
pos_2350,"tmp-sx,trimethoprim-sulfamethoxazole","sjs,stevens-johnson syndrome,ten,toxic epidermal necrolysis",FALSE
pos_186,troglitazone,hepatotoxicity,FALSE
negsent1_975,erlotinib,mild elevation of transaminases,FALSE
negsent1_688,valproate,,FALSE
negsent1_1285,"cyclosporine,corticosteroids,azathioprine,vincristine,mycophenolate mofetil",treatment,FALSE
pos_988,topiramate,"acute myopia,angle-closure glaucoma,anterior chamber shallowing,ciliochoroidal effusion,displacement of the lens-iris diaphragm",FALSE
negsent1_1164,"diltiazem,calcium-channel blockers","adverse effects,hypertrophic cardiomyopathy",FALSE
pos_3893,"ambien,zolpidem",death,FALSE
pos_323,acarbose,ileus,FALSE
pos_2597,quinine,ototoxicity,FALSE
negsent1_779,ifosfamide,,FALSE
pos_1373,iron sucrose,hepatocellular damage,FALSE
neg_58,cholestyramine,osteomalacia,FALSE
pos_2761,prostaglandin-e2,bone formation,FALSE
pos_4188,tpa,vitreous hemorrhage,FALSE
pos_3801,"acyclovir,lithium",serum lithium level had increased,FALSE
pos_2348,adalimumab,acute bilateral phrenic neuropathy,FALSE
pos_881,lithium,lethargy,FALSE
negsent1_1050,phosphate,renal route of potassium loss,FALSE
pos_1068,gemcitabine,radiation recall reactions,FALSE
negsent1_164,disulfiram,"symptoms,liver function tests",FALSE
pos_1638,sumatriptan,spontaneous splenic infarction,FALSE
pos_1670,"lisinopril,losartan",acute renal failure,FALSE
pos_495,quetiapine,"agranulocytosis,granulocytopenia",FALSE
pos_4181,pentazocine,"fibrous myopathy,neuropathy",FALSE
pos_3501,"albuterol,salbutamol",hypokalemia,FALSE
negsent1_1038,paroxetine,,FALSE
pos_2212,amantadine,bilateral corneal edema,FALSE
pos_2508,"calcium hopantenate,hopa",acute encephalopathy,FALSE
negsent1_1176,paclitaxel,"syndrome,causal effect",FALSE
pos_2227,gemcitabine,"hemolytic uremic syndrome,hus",FALSE
pos_652,valproate,"developmental delay,distinctive facial appearance,fetal valproate syndrome,fvs,major and minor malformations",FALSE
pos_3409,etoposide,myocardial infarction,FALSE
pos_2974,isoniazid,pellagra,FALSE
pos_681,mizoribin,siadh,FALSE
pos_2401,gemcitabine,pulmonary toxicity,FALSE
pos_31,pravastatin,myotonia,FALSE
pos_547,interferon alpha,polymyositis,FALSE
pos_1953,glatiramer acetate,embolia cutis medicamentosa,FALSE
pos_2783,human growth hormone,creutzfeldt-jakob disease,FALSE
pos_492,"8-methoxypsoralen,8-mop",systemic allergic contact dermatitis,FALSE
pos_3357,emepronium bromide,oesophageal damage,FALSE
pos_779,sulfonamide,bullous drug reaction,FALSE
pos_785,"g-csf,granulocyte colony-stimulating factor",systemic capillary leak syndrome,FALSE
pos_1344,alfa-interferon,immune-mediated diabetes mellitus,FALSE
pos_1105,bcnu,pulmonary fibrosis,FALSE
pos_3558,"methotrexate,mtx",accelerate hiv disease,FALSE
pos_1092,filgrastim,"acute febrile neutrophilic dermatosis,sweet's syndrome",FALSE
pos_2560,danazol,diabetes,FALSE
negsent1_512,lead,measurement of lead levels in blood and bone,FALSE
negsent1_135,"verapamil,sustained-release verapamil",challenged advertently or inadvertently,FALSE
pos_2153,aspirin,hemorrhage,FALSE
negsent1_1028,carboplatin,bilateral optic glioma,FALSE
pos_1656,5-fluorouracil,"acute confusional state,neurotoxicity",FALSE
negsent1_110,lithium,disorders of impulse control,FALSE
pos_51,clozapine,diurnal variation of the white blood cells,FALSE
pos_1658,caffeine,suicide attempt,FALSE
pos_1059,pilocarpine,"bradycardia,mild hypotension,muscarinic symptoms",FALSE
pos_850,levetiracetam,psychotic behavior,FALSE
pos_846,heparin,"massive pulmonary embolism,thrombocytopenia",FALSE
pos_1595,hcq,ventricular tachycardia,FALSE
pos_2982,amiodarone,dysthyroidism,FALSE
pos_4194,adriamycin,fsgs,FALSE
pos_26,hydroxyurea,acute interstitial pneumonitis,FALSE
negsent1_1306,perhexiline maleate,death,FALSE
negsent1_1460,olanzapine,"agranulocytosis,schizophrenia,myelodysplasia",FALSE
pos_1772,lithium,pulmonary hypertension,FALSE
pos_2827,gold,aplastic anemia,FALSE
pos_1304,rifabutin,corneal endothelial deposits,FALSE
negsent1_456,"rosiglitazone,glyburide","systolic dysfunction,type 2 diabetes mellitus",FALSE
pos_2746,"folinic acid,methotrexate","acute renal impairment,hyperkalaemia,hyperphosphataemia,hyper-uricaemia,hypocalcaemia,metabolic acidosis,phosphate shower syndrome,tetany",FALSE
pos_27,calcipotriol,irritant contact dermatitis,FALSE
pos_1094,clozapine,"hypersensitivity myocarditis,sudden cardiac death",FALSE
pos_1538,ifosfamide,ncse,FALSE
negsent1_70,pantoprazole,,FALSE
negsent1_190,"digoxin,digoxin-specific antibodies",,FALSE
negsent1_230,carbamazepine,"symptoms and biochemical abnormality improved,discontinuation of carbamazepine",FALSE
pos_2596,quinine,reversible hearing loss,FALSE
negsent1_763,chlorambucil,adjuvant chemotherapy,FALSE
negsent1_772,all-trans retinoic acid,myositis,FALSE
pos_252,risperidone,dystonia,FALSE
pos_2543,5-fluorouracil,glaucoma,FALSE
negsent1_740,thyroid hormone,,FALSE
negsent1_1400,chlorambucil,,FALSE
negsent1_1053,"salicylate,choline magnesium trisalicylate",fever,FALSE
pos_1066,gemcitabine,"myositis,radiation recall",FALSE
negsent1_1014,alfa-interferon,,FALSE
pos_3396,"gold sodium thiomalate,gstm","mild nitritoid symptoms,pain,t10-t12 dermatomes",FALSE
pos_1877,clozapine,eosinophilia,FALSE
pos_251,pilsicainide,life-threatening arrhythmias,FALSE
pos_1837,interferon-alpha,psoriasis,FALSE
negsent1_1016,oxaliplatin,,FALSE
negsent1_213,insulin,,FALSE
pos_2005,"aripiprazole,olanzapine",photo-onycholysis,FALSE
pos_1583,cloxacillin,allergy,FALSE
pos_2895,"5-fluorocytosine,amphotericin b",toxic epidermal necrolysis,FALSE
negsent1_1340,5-fluorouracil,,FALSE
pos_2903,prednisone,severe hyperkalemia,FALSE
pos_3619,"co-trimoxazole,sulfamethoxazole-trimethoprim","hyperkalaemia,renal tubular dysfunction",FALSE
negsent1_774,thalidomide,"erythema multiforme,complete disease suppression",FALSE
negsent1_427,vinblastine,development of this syndrome,FALSE
pos_2537,lidocaine,psychiatric symptoms,FALSE
pos_1948,methotrexate,infection with both m. tuberculosis and m. chelonae,FALSE
pos_1070,"bimatoprost,latanoprost","cystoid macula edema,cystoid macular edema,intense conjunctival hyperemia",FALSE
pos_3625,captopril,bone marrow suppression,FALSE
negsent1_705,gemcitabine,pericardial abnormalities,FALSE
pos_2558,nimodipine,ileus,FALSE
negsent1_218,phosphate,,FALSE
negsent1_1044,warfarin,given three fecal occult blood cards,FALSE
neg_125,natalizumab,pcnsl,FALSE
negsent1_622,"clozapine,quetiapine","eosinophilia,improvement in clinical status",FALSE
pos_3917,5-fu,"diarrhea,mucositis,myelosuppression,neurotoxicity,stomatitis",FALSE
pos_10,5-fu,"neurologic toxicity,prolonged myelosuppression,severe mucositis",FALSE
pos_2569,ciprofloxacin,interstitial nephritis,FALSE
pos_2230,chlorambucil,drug rash with eosinophilia and systemic symptoms,FALSE
pos_1054,"furazolidone,nifuroxime",jaundice,FALSE
pos_1799,infliximab,osteomyelitis,FALSE
pos_3086,"ara-c,cytarabine,cytosine arabinoside",herpesvirus infection,FALSE
pos_2385,adalimumab,severe cardiomyopathy,FALSE
negsent1_191,prednisone,red blood cell count dropped by 17% over 7 weeks,FALSE
pos_254,tiagabine,non-convulsive status epilepticus,FALSE
pos_2456,methotrexate,aseptic pleuropericarditis,FALSE
pos_2158,rituximab,acute coronary syndromes,FALSE
pos_1630,"octreotide,pegvisomant",hepatitis,FALSE
negsent1_127,phenytoin,,FALSE
pos_3573,celiprolol,pneumonitis,FALSE
negsent1_454,lithium,,FALSE
pos_3062,serine,psychotic symptoms,FALSE
pos_3692,glibenclamide,pemphigus vulgaris,FALSE
negsent1_46,bortezomib,gastrointestinal toxic effects,FALSE
neg_171,itraconazole,"acute hepatitis,hepatitis",FALSE
pos_2925,methimazole,"bile stasis,cholestasis,fatty liver parenchyma degeneration,granulocytic portal infiltration,leucopenia",FALSE
negsent1_328,"irinotecan,nedaplatin","combination chemotherapy,salvage chemotherapy,refractory non-seminomatous testicular cancer",FALSE
pos_588,clozapine,agranulocytosis,FALSE
negsent1_1423,"calcium polystyrene sulfonate,sorbitol",hyperkalemia,FALSE
negsent1_1194,aspirin,treating children with aspirin at doses previously considered to be non-toxic,FALSE
pos_2795,desipramine,"pain,testicular swelling",FALSE
pos_1005,pantoprazole,general malaise,FALSE
negsent1_1233,"brompheniramine,dextromethorphan,pseudoephedrine",,FALSE
pos_1696,homochlorcyclizine hydrochloride,dyspnea,FALSE
pos_2896,cyclophosphamide,"abdominal right lower quadrant pain,cecal lymphoma",FALSE
negsent1_1258,reserpine,clinical toxicity,FALSE
pos_2010,carbamazepine,hyponatraemia,FALSE
pos_2532,heparin,thrombocytopenia,FALSE
pos_991,doxycycline,photo-onycholysis,FALSE
pos_377,interferon-alpha,hashimoto's disease,FALSE
neg_65,clozapine,eosinophilia,FALSE
negsent1_592,tobramycin,vestibular toxicities,FALSE
pos_1273,tacrolimus,pigmentation,FALSE
pos_2081,alendronate sodium,nodular scleritis,FALSE
pos_1206,mtx,"ebv-associated lymphoproliferative disease,hematopoietic toxicity,immunosuppression",FALSE
neg_53,statin,rhabdomyolysis,TRUE
negsent1_40,etanercept,"discontinuation,control of heart function",FALSE
negsent1_1241,"calcium polystyrene sulfonate,sorbitol",colonic ulcer penetrating the urinary bladder,FALSE
negsent1_369,"losartan,fenofibrate",cardiovascular disease,FALSE
negsent1_1347,"carboplatin,cisplatin",intradermal tests,FALSE
pos_3539,promethazine,coma,FALSE
pos_3718,azathioprine,myelosuppression,FALSE
pos_1907,"interferon alpha,ribavirin",generalized lichen nitidus,FALSE
negsent1_802,cabergoline,lesions,FALSE
pos_3500,albuterol,"cardiac toxicity,hypokalemia",FALSE
negsent1_195,tolmetin,"misleading laboratory result,testing for proteinuria",FALSE
pos_2471,vancomycin,"anaphylactoid,anaphylaxis,blood disorders,gastrointestinal disturbances,hypersensitivity reactions,nephrotoxicity,ototoxicity,red man syndrome",FALSE
negsent1_569,riluzole,,FALSE
pos_715,cisplatin,anaphylaxis,FALSE
pos_891,labetalol,hemodynamic collapse,FALSE
pos_2680,lithium,neurotoxicity,FALSE
pos_3442,"ifn,interferon",graves' hyperthyroidism,FALSE
pos_1822,flecainide,cardiovascular collapse,FALSE
pos_1230,rofecoxib,"ibd,inflammatory bowel disease",FALSE
pos_3799,"acyclovir,lithium",increased serum lithium,FALSE
pos_4179,pentazocine,"gradual stiffness,weakness of the lower extremities",FALSE
pos_346,5-fu,"ectropion,tender, red, scaled lids",FALSE
pos_2606,procainamide,incessant supraventricular tachycardia,FALSE
pos_2737,"ethambutol,isoniazid",optic neuropathy,FALSE
pos_2255,quinine,"thrombotic microangiopathy,tma",FALSE
pos_2098,bevacizumab,spontaneous nasal septal perforation,FALSE
pos_1409,rituximab,cd20-negative tumors,FALSE
pos_3205,verapamil,sustained hypotension,FALSE
pos_4131,"lamotrigine,sertraline",lamotrigine toxicity,FALSE
negsent1_570,"anastrozole,adjuvant chemotherapy,anastrozole hormonotherapy",,FALSE
neg_124,amphotericin b,impaired renal function,FALSE
negsent1_193,atenolol,"plasma atenolol levels decreased,rebound occurred between dialyses",FALSE
negsent1_1142,ibopamine,,FALSE
pos_3252,thiabendazole,"intrahepatic cholestasis,sicca complex",FALSE
pos_458,salsalate,eruption,FALSE
pos_3388,mtx,extensive skin rash,FALSE
pos_1739,ritalin,"cataract,glaucoma",FALSE
pos_1546,hcq,hypersensitivity rash,FALSE
negsent1_474,risperidone,"agitation,dementia",FALSE
pos_355,meloxicam,intestinal toxic effects,FALSE
pos_536,metoclopramide,"movement disorder,unresponsiveness",FALSE
negsent1_731,levothyroxine,"therapeutic failure,brand interchange",FALSE
negsent1_1283,"calcineurin,calcium-channel blocker,alternative calcineurin inhibitor",conversion to an alternative,FALSE
pos_2,dihydrotachysterol,increased calcium-release,FALSE
negsent1_384,quetiapine,,FALSE
pos_3460,benzarone,severe hepatotoxicity,FALSE
negsent1_357,oxaliplatin,episode,FALSE
negsent1_900,acenocoumarol,"atrial fibrillation,recurrent deep venous thrombosis",FALSE
pos_992,doxycycline,photo-onycholysis,FALSE
pos_1474,rituximab,"dyspnea,hypoxemia,pleuritic chest pain",FALSE
pos_702,cytarabine,ppe,FALSE
pos_947,methotrexate,neurotoxicity,FALSE
pos_3046,ibuprofen,15-kg weight gain,FALSE
pos_3856,mequitazine,photosensitivity,FALSE
pos_1841,"sodium valproic acid,vpa","raised intracranial pressure,severe cerebral swelling",FALSE
pos_2300,clarithromycin,rhabdomyolysis,FALSE
pos_2186,adriamycin,congestive heart failure,FALSE
pos_1137,"aminophylline,ethylenediamine",delayed hypersensitivity reaction,FALSE
pos_2106,bupropion,multiple seizures,FALSE
pos_1463,insulin,lipohypertrophy,FALSE
pos_1124,indapamide,diabetes,FALSE
negsent1_469,methotrexate,improvement in the level of arterial blood gases,FALSE
pos_2389,thrombin,"multiple infarcts,slow to awaken,vasospasm",FALSE
pos_2540,sulfonamide,injury to the urinary tract,FALSE
pos_1420,epinephrine,lethal complications,FALSE
pos_3474,sotalol,bradycardia,FALSE
pos_882,"carbamazepine,cbz,tegretol","fever,leukopenia,positive anti-nuclear antibody,rash,systemic lupus erythematosus (sle)-like symptoms",FALSE
pos_227,valproate,reproductive endocrine disorders,FALSE
pos_205,cyanamide,general fatigue,FALSE
negsent1_1465,fludarabine,treatments,FALSE
pos_3470,sumatriptan,coronary artery vasospasm,FALSE
pos_1294,fentanyl,adrenocortical insufficiency,FALSE
pos_2155,rituximab,acute coronary syndromes,FALSE
pos_324,losartan,increases urate excretion,FALSE
negsent1_1230,zonisamide,introduction or increased dosage,FALSE
pos_4254,mineral oil,lipoid pneumonia,FALSE
pos_1594,azathioprine,reactivation of cytomegalovirus,FALSE
pos_3604,valproic acid,"hyperammonemia,lethargy",FALSE
pos_3411,acyclovir,acute renal failure,FALSE
pos_3691,penicillamine,pv,FALSE
pos_1567,sulfadiazine,hypersensitivity,FALSE
pos_2622,bromocriptine,morphea,FALSE
pos_471,carbamazepine,right bundle branch block,FALSE
pos_1618,ivermectin,severe hepatitis,FALSE
pos_344,5-fu,dermatologic and ocular 5-fu toxicities,FALSE
pos_3629,magnesium sulfate,impeded lactogenesis,FALSE
neg_32,clozapine,eosinophilia,FALSE
pos_3563,trimethoprim-sulfamethoxazole,"cholestasis,duct paucity",FALSE
pos_1008,omeprazole,ain,FALSE
pos_2349,tmp-sx,"sjs,ten",FALSE
pos_1651,morphine,"facial flushing,hyperhidrosis",FALSE
pos_768,hydroxyurea,"chronic myeloid leukaemia,cml",FALSE
pos_1449,venlafaxine,urinary incontinence,FALSE
pos_1882,"mmf,prednisone",red blood cell anemia,FALSE
pos_2234,mtx,renal toxicity,FALSE
pos_3752,streptokinase,jaundice,FALSE
pos_2111,cefazolin,leukopenia,FALSE
negsent1_665,"interferon,interferon-based therapy",,FALSE
pos_233,colchicine,proximal muscle weakness,FALSE
pos_1170,cap-xrt,"foot drop,right leg weakness",FALSE
negsent1_830,cyclosporine,"life-threatening drug interaction,chronic uveitis",FALSE
negsent1_423,rifampin,platelet count dropped,FALSE
negsent1_1484,"indinavir,zidovudine,lamivudine",,FALSE
pos_2685,cytosine arabinoside,paraplegia,FALSE
pos_3690,disulfiram,significant abnormalities,FALSE
pos_1502,cyclosporine,"headache,seizure,severe perspiration",FALSE
pos_1949,thalidomide,sustained ventricular tachycardia,FALSE
pos_2017,olanzapine,hyperglycemia,FALSE
pos_2040,pegaptanib,incomplete posterior hyaloid detachment,FALSE
pos_3152,amiodarone,interstitial pneumopathy,FALSE
negsent1_169,"quinine,chloroquine",chloroquine-resistant falciparum malaria,FALSE
pos_1357,"itraconazole,vincristine",vincristine neurotoxicity,FALSE
negsent1_509,protamine,risks of routinely administering protamine to susceptible individuals,FALSE
negsent1_453,"methylphenidate,methylphenidate hydrochloride",,FALSE
pos_3769,"1,25(oh)2d",milk-alkali syndrome,FALSE
pos_1533,cinacalcet hcl,severe hypercalcemia,FALSE
pos_1751,mesalazine,pericarditis,FALSE
negsent1_1454,olanzapine,dose reduction,FALSE
pos_3562,clindamycin,"bile duct injury,bile duct paucity,ductopenia,marked cholestasis,portal inflammation",FALSE
negsent1_250,"procainamide,corticosteroids",,FALSE
pos_1208,imiquimod,psoriasis,FALSE
pos_3431,bleomycin,interstitial pneumonitis,FALSE
pos_4104,"clindamycin,clindamycin phosphate","cdic,c. difficile toxin,diarrhea",FALSE
pos_1742,bevacizumab,visual hallucinations,FALSE
pos_3382,naloxone,"severe pain,withdrawal syndrome",FALSE
pos_731,doxycycline,hypoglycemia,FALSE
pos_809,prednisone,disseminated cellulitic cryptococcosis,FALSE
pos_3025,methazolamide,"agranulocytosis,aplastic anemia",FALSE
negsent1_1327,"reserpine,rauwolfia derivatives",adverse reactions,FALSE
pos_3045,"amoxapine,dibenzoxazepine",galactorrhea,FALSE
pos_582,lansoprazole,thrombocytopenia,FALSE
negsent1_1021,salicylate,"fever,mild hepatic enzyme elevations",FALSE
pos_3945,retinoic acid,"potentially fatal symptom,retinoic acid syndrome,toxicity",FALSE
pos_4048,mesalamine,pancreatitis,FALSE
pos_302,quinine,thrombocytopenia,FALSE
pos_685,"cyclosporin,methotrexate",lymphoma,FALSE
pos_893,cabergoline,pleuropulmonary changes,FALSE
pos_2222,ifnalpha,graves' disease,FALSE
negsent1_247,"sulfasalazine,corticosteroids","completion of a six-week course of corticosteroids,problems resolved",FALSE
pos_3026,5-fluorouracil,squamous-cell carcinoma,FALSE
pos_1681,oxaliplatin,hemolytic and/or thrombocytopenic reactions,FALSE
pos_661,rofecoxib,fixed drug eruption,FALSE
pos_3453,progestin,squamous metaplasia,FALSE
pos_3979,magnesium sulfate,hypermagnesemia,FALSE
pos_2310,flurbiprofen,acute tubulointerstitial nephritis,FALSE
pos_2299,tranexamic acid,polymyoclonus seizure,FALSE
negsent1_663,bisabolol,atopic dermatitis,FALSE
negsent1_514,"cisplatin,cisplatin solution",symptomatology failed to resolve,FALSE
negsent1_956,"verapamil,sustained-release verapamil",similar symptoms,FALSE
pos_3554,interferon,iddm,FALSE
negsent1_1060,warfarin,discontinuation,FALSE
pos_3989,"azithromycin,clarithromycin,lovastatin",rhabdomyolysis,FALSE
neg_151,methylephedrine,stroke,FALSE
pos_2395,sorafenib,interstitial pneumonia,FALSE
negsent1_796,haloperidol,"agitation,delirium",FALSE
negsent1_884,"cefmenoxime,third-generation cephalosporin","recurrent adenocarcinoma of the uterus,urinary tract infection",FALSE
negsent1_432,budesonide,patch testing,FALSE
pos_1386,risperidone,psychiatric and physical manifestations,FALSE
pos_295,"bleomycin,methotrexate","acute digital ischemia,gangrene",FALSE
pos_357,spironolactone,"serious and, occasionally, fatal hyperkalaemia",FALSE
pos_928,norethisterone,clitoral hypertrophy,FALSE
pos_2412,"calcium polystryrene sulfonate,kalimate,kayexalate",colonic mucosal necrosis,FALSE
pos_1133,nimodipine,"hypoxemia,prolonged hypotension",FALSE
pos_6,"naproxen,oxaprozin","cutaneous fragility,tense bullae",FALSE
pos_2254,quinine,ttp/hus,FALSE
pos_773,chloroquine,toxicity,FALSE
pos_3542,actinomycin d,hepatic veno-occlusive disease,FALSE
pos_3115,lithium,tremor,FALSE
pos_1097,phenytoin,"purple discoloration,purple glove syndrome,swelling of the hands",FALSE
pos_3061,sulindac,"isolated paresthesia,peripheral neuropathy",FALSE
pos_3642,lithium,thyrotoxic ophthalmopathy,FALSE
negsent1_161,albendazole,"antimicrobial activity,treatment of intestinal microsporidiosis",FALSE
pos_1694,interferon-beta-1b,nephrotic syndrome,FALSE
pos_612,valproate,"hyperammonemia,mental status changes",FALSE
pos_3847,terbinafine,cholestatic liver disease,FALSE
pos_797,methotrexate,acute cerebellar syndrome,FALSE
pos_95,heparin,thrombocytopenia,FALSE
negsent1_801,isoniazid,symptoms resolved,FALSE
pos_1731,cyclosporin,cholelithiasis,FALSE
negsent1_1311,reserpine,,FALSE
pos_1074,methotrexate,"fatal acute neurotoxicity,neurotoxicity",FALSE
negsent1_597,"bacitracin,bacitracin ointment",falling and scraping his left elbow,FALSE
pos_1914,erlotinib,ild,FALSE
pos_2948,theophylline,ulcer,FALSE
negsent1_144,adenosine,,FALSE
pos_2810,morphine sulfate,dyspnea,FALSE
pos_3713,gold,mucocutaneous reactions,FALSE
pos_1329,pentamidine,cardiotoxicity,FALSE
pos_2066,itraconazole,severe symptomatic hepatitis,FALSE
pos_3698,adenosine,acceleration of ventricular response,FALSE
pos_3775,ifosfamide,nonconvulsive status epilepticus,FALSE
negsent1_889,lithium,,FALSE
pos_2860,chloramphenicol sodium succinate,hypersensitivity reaction,FALSE
negsent1_385,sertraline,rhabdomyolysis,FALSE
pos_2906,"cisplatin,etoposide",paroxysmal supraventricular tachycardia,FALSE
negsent1_865,5-fluorouracil,targets rapidly dividing cancer cell populations,FALSE
pos_1418,ritodrine-hydrochloride,rhabdomyolysis,FALSE
pos_1321,infliximab,"autoimmune agranulocytosis,production of granulocyte and neutrophil autoantibodies",FALSE
pos_3909,protamine,"bronchoconstriction,pulmonary hypertension,severe hemodynamic deterioration,systemic hypotension",FALSE
pos_3179,amoxapine,dyskinesia,FALSE
pos_3160,ccnu,pulmonary fibrosis,FALSE
negsent1_631,adenosine,"prolonged bradyasystole,hypotension",FALSE
pos_1160,warfarin,clotting abnormality,FALSE
pos_1237,thalidomide,neuropathy,FALSE
negsent1_1374,clozapine,refractory schizophrenia,FALSE
pos_3071,salicylate,hepato toxicity,FALSE
pos_54,paroxetine,hair loss,FALSE
negsent1_525,tacrolimus,syndrome,FALSE
pos_1192,"copaxone,glatiramer acetate","lipoatrophy,localized panniculitis",FALSE
negsent1_534,"methotrexate,prednisone,intravenous methotrexate","dermatomyositis,polymyositis,steroid-related toxic effects",FALSE
negsent1_746,"methanol,ethanol,fomepizole,hemodialysis","methanol poisoning,severe visual impairment,complete recovery",FALSE
pos_3401,ketoralac,bilateral sensorineural hearing loss,FALSE
pos_958,acenocoumarol,overanticoagulation,FALSE
pos_2019,olanzapine,hyperglycemia,FALSE
negsent1_215,"calcitonin,calcitonin nasal spray",nasal challenge test,FALSE
pos_151,gliclazide,acute icteric liver necro-inflammation,FALSE
negsent1_493,doxorubicin,extravasation,FALSE
pos_1608,warfarin,sub-conjunctival haematoma,FALSE
pos_363,clofazimine,enteropathy,FALSE
negsent1_1184,amphotericin,treatment completed successfully,FALSE
negsent1_1265,"sulfamethoxazole,trimethoprim,trimethoprim- sulfamethoxazole",,FALSE
negsent1_929,dipivefrin,"entropion,recurrence of signs or symptoms",FALSE
negsent1_906,clozapine,"eosinophilia,normalization",FALSE
pos_2631,fluoxetine,akathisia,FALSE
pos_68,ceftriaxone,"elevated hepato-biliary enzymes,transient biliary stasis",FALSE
pos_1757,heparin,"thrombocytopenia,thrombosis",FALSE
negsent1_310,"gold,gold that was complexed with sulfur",present in proximal tubular cytoplasmic vacuoles and nuclei,FALSE
pos_1863,metoclopramide,neuroleptic malignant syndrome,FALSE
pos_2861,penicillamine,brain lesions,FALSE
pos_1515,corticosteroid,disseminated nocardiosis,FALSE
pos_854,granulocyte macrophage-colony-stimulating factor,proliferation of abnormal bone marrow histiocytes,FALSE
pos_124,"hu,spb",increases in total hb,FALSE
pos_1806,"hdmtx,methotrexate",renal failure,FALSE
negsent1_1074,theophylline,,FALSE
pos_4008,suramin,nonoliguric renal failure,FALSE
pos_1247,ra,bmtn,FALSE
pos_2538,nitrendipine,gingival hyperplasia,FALSE
pos_784,lithium,diabetes insipidus,FALSE
pos_335,clomipramine,serotonin syndrome,FALSE
pos_3874,fludarabine,"aiha,positivation of the dat",FALSE
negsent1_479,enalaprilat,acute bilateral parotitis,FALSE
pos_2326,sertraline,rhabdomyolysis,FALSE
negsent1_116,"ethambutol,anti-tuberculous drugs",visual loss,FALSE
pos_2195,heparin,venous thromboembolism,FALSE
negsent1_434,azathioprine,thiopurine methyltransferase activity,FALSE
pos_49,heparin,"abnormal platelet aggregation,priapism",FALSE
pos_1930,sulfasalazine,"hemophagocytic syndrome,hypersensitivity syndrome",FALSE
negsent1_125,methotrexate,desensitization,FALSE
negsent1_322,captopril,cutaneous reaction,FALSE
pos_3595,fluoxetine,headache,FALSE
negsent1_294,"insulin,protamine",desensitization,FALSE
negsent1_289,phenytoin,"prophylactic anticonvulsant therapy,cranial radiation therapy",FALSE
pos_527,isonicotinic acid hydrazide,"anagen effluvium,lichenoid eruption",FALSE
pos_856,enoxaparin,generalized exanthem,FALSE
pos_3520,cefuroxime,dian,FALSE
pos_2908,"viloxazine,theophylline","decrease in theophylline clearance,theophylline intoxication",FALSE
pos_2022,"pegylated interferon alpha-2a,ribavirin",adult respiratory distress syndrome,FALSE
neg_72,milnacipran,piloerection,FALSE
pos_43,olanzapine,elevation of serum creatine kinase,FALSE
negsent1_1341,tamoxifen,"breast cancer,gastric malignancy",FALSE
pos_4068,"4-hydroxyifosfamide,chloroacetaldehyde,ifosfamide",toxicity,FALSE
negsent1_1365,heparin,"deep vein thrombosis,postpartum cardiomyopathy",FALSE
negsent1_585,retinoic acid,acute promyelocytic leukemia,FALSE
pos_1736,ritalin,glaucoma,FALSE
pos_71,methotrexate,progressive paraparesis,FALSE
negsent1_618,"captopril,lisinopril,enalapril",tolerance,FALSE
pos_461,amphotericin b,grand mal seizures,FALSE
pos_952,ethambutol,ocular ethambutol toxicity,FALSE
negsent1_771,benfluorex,imputability,FALSE
negsent1_1394,"phenobarbital,chlorpromazine","reduction and discontinuation of phenobarbital,no increase in target behaviors",FALSE
pos_1938,"calcium polystyrene sulfonate,sorbitol","colonic ulcer,sigmoidovesical fistula",FALSE
pos_2077,"olanzapine,risperidone","akathisia,rls",FALSE
negsent1_1259,"isradipine,atenolol",,FALSE
negsent1_825,lansoprazole,relief,FALSE
pos_3968,ferrous sulfate,reduce the gastrointestinal absorption of orally administered levothyroxine sodium,FALSE
pos_3269,amiodarone,avt,FALSE
pos_2667,"5-fluorouracil,cyclophosphamide,methotrexate",acute myelocytic leukemia,FALSE
pos_771,chloroquine,chloroquine toxicity,FALSE
pos_3935,"cyclosporin,ganciclovir",eye movement disorders,FALSE
pos_4123,procainamide,"clinical lupus syndrome,diffuse proliferative glomerulonephritis,lupus erythematosus",FALSE
pos_3709,tissue-type plasminogen activator,"cholesterol crystal embolization,renal failure",FALSE
pos_1395,mm,lymphoproliferative disorders,FALSE
pos_2672,"ara = c,methotrexate",leukoencephalopathy,FALSE
pos_3092,clofazimine,ceroid-like pigment,FALSE
pos_1132,nimodipine,"hypotension,hypoxemia",FALSE
negsent1_1085,quinacrine,side effect,FALSE
pos_2732,valproic acid,hyperammonemia,FALSE
pos_3820,ofloxacin,seizures,FALSE
pos_737,mtx,anaphylactic reactions,FALSE
pos_864,heparin,thrombocytopenia,FALSE
negsent1_695,triamcinolone acetonide,cystoid macular edema,FALSE
pos_1046,vancomycin,agranulocytosis,FALSE
negsent1_1402,quetiapine,"overdoses,fatal overdoses",FALSE
pos_2266,enoxaparin,hepatotoxicity,FALSE
pos_3921,"5-asa,mesalamine,prednisone","fever,worsening respiratory distress",FALSE
negsent1_521,gemcitabine,radiation recall,FALSE
pos_381,levodopa,motor fluctuations,FALSE
pos_4146,mmc,hemolytic uremic syndrome,FALSE
pos_1698,calcium stearate,pulmonary disease,FALSE
negsent1_1445,metoclopramide,reversible nonthrombocytopenic palpable purpura,FALSE
pos_1551,trimethoprim-sulfamethoxazole,hypersensitivity syndrome,FALSE
negsent1_421,propafenone,amnesia,FALSE
pos_2751,"carbamazepine,lynestrenol",hepatopathy,FALSE
negsent1_872,"foscarnet,leflunomide",treated,FALSE
pos_412,mmi,"massive plasmocytosis,pancytopenia",FALSE
pos_4214,phosphate,decrease in plasma potassium,FALSE
pos_1047,vancomycin,agranulocytosis,FALSE
pos_1194,busulfan,"hepatic veno-occlusive disease,hvod,thrombosis",FALSE
pos_3147,hydrochlorothiazide,severe hyponatremia,FALSE
negsent1_1309,"piperacillin,tazobactam,tobramycin,piperacillin/tazobactam",,FALSE
negsent1_1390,"bimatoprost,prostaglandin analogs,prostaglandins,prostamide,latanoprost,lumigan,xalatan","glaucoma,ocular hypertension,intraocular pressure,side effects,adverse effects",FALSE
pos_677,rifabutin,"decreased vision,retinal damage",FALSE
pos_1933,oxcarbazepine,headache,FALSE
pos_974,yohimbine,worsening of raynaud's phenomenon,FALSE
pos_3385,flecainide,acute reversible ataxo-myoclonic encephalopathy,FALSE
negsent1_1032,methotrexate,rheumatoid arthritis,FALSE
negsent1_365,"fluoxetine,diazepam",postmortem toxicology analysis,FALSE
pos_1091,sargramostim,sweet's syndrome,FALSE
negsent1_178,azathioprine,thiopurine methyltransferase activity,FALSE
negsent1_503,lamotrigine,elimination half-life,FALSE
pos_3104,captopril,nonoliguric acute renal failure,FALSE
negsent1_96,"scopolamine,scopolamine patch","relieving motion sickness,treating nausea and vomiting from chemotherapy,decreasing withdrawal side-effects from wearing off opioids",FALSE
pos_4227,vitamin d,"acute vitamin d poisoning,hypercalcemia",FALSE
pos_402,succinylcholine,fatal hyperkalemia,FALSE
pos_1699,zoledronic acid,scleritis,FALSE
pos_3933,minocycline,"lymphocyte over-activation,massive cytokine release,severe illness",FALSE
pos_3410,etoposide,myocardial infarction,FALSE
negsent1_587,quinine,failed in his obligations to advise the dentist of his drug history,FALSE
pos_64,brimonidine,"apneic,lethargic",FALSE
pos_184,troglitazone,liver injury,FALSE
pos_3429,fluvoxamine,akathisia,FALSE
pos_3428,"fluoxetine,sertraline",extrapyramidal side effects,FALSE
pos_2257,quinine,"schistocytosis,thrombocytopenia,ttp/hus",FALSE
negsent1_1442,disulfiram,,FALSE
pos_1089,"naltrexone,ntx",hepatotoxicity,FALSE
pos_2533,heparin,thrombocytopenia,FALSE
pos_3434,gold,neutropenia,FALSE
pos_86,phenytoin,seizures,FALSE
negsent1_927,fluphenazine,,FALSE
pos_3239,desipramine,siadh,FALSE
negsent1_123,carboplatin,,FALSE
pos_2600,"bleomycin,oxygen",pulmonary damage,FALSE
pos_2408,methylprednisolone,hepatotoxicity,FALSE
pos_1509,ifn-beta,autoimmune disorders,FALSE
pos_2802,cyclosporine a,"fall of the filtration fraction,increase in proteinuria,nephrotoxicity,rise in the relative clearance of 99tc-dimercaptosuccinic acid",FALSE
pos_2008,leflunomide,"hemoptysis,severe weakness,short-of-breath",FALSE
pos_2461,zonisamide,"acute kidney injury,hypersensitivity syndrome",FALSE
negsent1_455,mequitazine,,FALSE
negsent1_936,promethazine,interacts with receptors in the central nervous system,FALSE
pos_683,mizoribin,siadh,FALSE
negsent1_794,"dobutamine,calcium gluconate,regular insulin,lorazepam,potassium supplements",,FALSE
negsent1_586,"prednisone,spironolactone",normalized blood pressure,FALSE
negsent1_1415,"phenobarbital,primidone,neuroleptics","gradual minimal effective dose attempts,intrusive procedures",FALSE
pos_437,"5-fluorouracil,oxaliplatinum",pulmonary adverse reaction,FALSE
pos_2774,rifampicin,adrenal insufficiency,FALSE
pos_980,2-chloro-deoxyadenosine,non-hodgkin's lymphoma,FALSE
negsent1_517,gabapentin,deterioration in her conscious level,FALSE
pos_1573,infliximab,subfulminant hepatitis b,FALSE
pos_3517,quinapril,cough,FALSE
negsent1_189,"imatinib,hydroxyurea",imatinib therapy,FALSE
pos_2197,posaconazole,enterococcal peritonitis,FALSE
pos_351,acetazolamide,calcium phosphate nephrolithiasis,FALSE
pos_1173,5-fu,peripheral neuropathy,FALSE
pos_694,capecitabine,allergic reactions,FALSE
pos_2071,increlex,anaphylaxis,FALSE
pos_997,minocycline,cutaneous pigmentation,FALSE
negsent1_662,paracetamol,ingestion of the drug,FALSE
pos_3936,cyclosporin,"mri t2 abnormalities,neurotoxicity",FALSE
negsent1_1177,"clozapine,clozapine",tardive dystonia,FALSE
pos_271,l-asparaginase,seizure,FALSE
negsent1_1424,cyclophosphamide,"myeloma,remission",FALSE
negsent1_736,methylprednisolone,"renal manifestations of systemic lupus erythematosus,idiopathic nephrotic syndrome",FALSE
pos_3654,"4% ethyl nitrite ch3ch2ono in 70% ethyl alcohol,sweet spirits of nitre","acute methemoglobinemia,died,hypoxemia,severe anoxic metabolic acidosis",FALSE
pos_22,epoprostenol,pulmonary edema,FALSE
negsent1_590,fluoxetine,,FALSE
pos_1151,prostaglandin e1,harlequin color change,FALSE
pos_2979,aspirin,rs,FALSE
negsent1_815,gliclazide,abnormal liver function tests,FALSE
pos_147,f viii,portal vein thrombosis,FALSE
negsent1_490,statin,rhabdomyolysis,TRUE
pos_1122,indapamide,diabetes,FALSE
pos_2887,"carbamazepine,phenytoin sodium",leukopenia,FALSE
negsent1_165,adalimumab,phrenal neuropathy,FALSE
pos_3091,"b663,clofazimine,lamprene",intra-neural ceroid-like pigment,FALSE
pos_270,l-asparaginase,"hemorrhagic,thrombotic cerebrovascular events",FALSE
negsent1_78,tacrolimus,,FALSE
pos_1999,phenytoin,cerebellar syndrome,FALSE
pos_939,fk506,"nephrotoxicity,rta",FALSE
negsent1_1474,imiquimod,adverse effect,FALSE
pos_14,riluzole,hepatitis,FALSE
negsent1_599,"epinephrine,topical epinephrine",error,FALSE
pos_2306,sunitinib,"elevated lipase,fatigue,hand-foot syndrome,hypertension,lymphopenia",FALSE
pos_2804,propylthiouracil,"hyperthyroidism,raised creatine phosphokinase,severe proximal muscle weakness",FALSE
pos_3721,azathioprine,myelosuppression,FALSE
neg_159,cytarabine,herpesvirus infection,FALSE
pos_375,ifn-alpha,hashimoto's disease,FALSE
negsent1_1300,sumatriptan,antinociceptive effect,FALSE
pos_1729,cyclosporin,"cholelithiasis,thrombosis of the central retinal vein",FALSE
negsent1_244,cladribine,"complete remission,serious adverse effects",FALSE
neg_43,capecitabine,headache,FALSE
pos_1224,clozapine,tonic-clonic seizures,FALSE
pos_1012,interferon beta-1a,scleromyxedema,FALSE
pos_4242,praziquantel,myositis,FALSE
pos_2727,cisplatin,vomiting,FALSE
pos_3124,gold sodium thiomalate,vasomotor reactions,FALSE
pos_3535,acyclovir,neurologic symptoms,FALSE
negsent1_1127,methylprednisolone,"lower the intraocular pressure,improvement was noted",FALSE
negsent1_438,clozapine,,FALSE
pos_2462,zonisamide,hypersensitivity,FALSE
pos_555,itraconazole,"cholestatic pattern of injury,damage to the interlobular bile ducts,ductopenia,liver injury",FALSE
neg_135,tdf,irreversible renal failure,FALSE
pos_3044,formic acid,metabolic acidosis,FALSE
pos_3939,tamoxifen,"endometrial carcinoma,endometriosis",FALSE
pos_1016,methylphenidate,fixed drug eruption,FALSE
pos_3656,valproic acid,fatal hepatotoxic effects,FALSE
pos_4190,praziquantel,inflammation,FALSE
pos_2341,carbamazepine,hyperammonemia,FALSE
pos_4201,nitrate,syncope,FALSE
pos_3735,phenytoin,blood levels in the toxic range,FALSE
pos_2452,etanercept,reversible heart failure,FALSE
pos_4055,ritonavir,"fever,maculopapular eruption",FALSE
pos_2134,ciprofloxacin,"stevens-johnson syndrome,vanishing bile duct",FALSE
pos_343,olanzapine,leukopenia,FALSE
pos_399,methadone,myoclonus,FALSE
negsent1_873,clozapine,,FALSE
pos_1834,triamcinolone,exacerbation of retinochoroiditis,FALSE
negsent1_868,meperidine,hepatic disease,FALSE
pos_2377,sunitinib,"fatigue,hypertension",FALSE
pos_469,bupivacaine,bilateral vocal cord paralysis,FALSE
pos_1378,sodium hyaluronate,neisseria mucosa knee arthritis,FALSE
pos_3311,timolol,heart failure,FALSE
pos_2088,levofloxacin,delirium with psychotic features,FALSE
pos_3336,practolol,sclerosing peritonitis,FALSE
pos_3512,benzodiazepine,sedation,FALSE
negsent1_461,"gold,im gold",,FALSE
pos_1227,clozapine,seizures,FALSE
pos_2605,procainamide,tachycardia,FALSE
pos_1179,quetiapine,deaths,FALSE
negsent1_104,insulin,hypersensitivity,FALSE
pos_2720,ethambutol,optic neuropathy,FALSE
negsent1_98,methotrexate,"encephalomyelitis,mechanical ventilation,ascending paralysis",FALSE
pos_1003,amifostine,fever,FALSE
pos_482,scopolamine,anisocoria,FALSE
pos_3971,hepatitis b vaccination,mental nerve neuropathy,FALSE
negsent1_50,"asparaginase,vincristine,prednisone",increases the induction rate and duration of remission of acute lymphoblastic leukemia,FALSE
negsent1_897,sunitinib,dialysis,FALSE
negsent1_595,adriamycin,"synovial cell sarcoma,excellent response to therapy",FALSE
pos_2524,aminoglutethimide,skin toxicity,FALSE
negsent1_5,thrombin,"arterial hemorrhage,stereotactic brain biopsy",FALSE
negsent1_277,clozapine,treatment,FALSE
neg_78,quinine,"ttp/hus,tma",FALSE
pos_1605,lasik,"enterobacter keratitis,traumatic late flap dehiscence",FALSE
pos_2981,amiodarone,thyrotoxicosis,FALSE
pos_641,vasopressin,skin necrosis,FALSE
pos_1432,fluoxetine,"prominent eye movements during nrem sleep,rem sleep behavior disorder",FALSE
negsent1_963,"minocycline,minocycline,systemic corticosteroids",improvement,FALSE
negsent1_1067,rituximab,"secondary lymph-node involvement,complete remission",FALSE
pos_600,mitomycin,hemolytic-uremic syndrome,FALSE
pos_3504,propoxyphene,wide qrs complex dysrhythmia,FALSE
pos_3992,tamoxifen,acute leukaemia,FALSE
negsent1_468,"ifosfamide,4-hydroxyifosfamide,chloroacetaldehyde",,FALSE
pos_1252,temozolomide,myelodysplastic syndrome,FALSE
pos_4089,cyclosporine,hypersensitivity reactions,FALSE
pos_1997,tobramycin,exfoliative dermatitis,FALSE
pos_2123,"piperacillin,tazobactam,tobramycin,vancomycin",neuralgic amyotrophy,FALSE
pos_1285,cerivastatin,"muscle pain,muscle weakness",FALSE
pos_2854,amoxapine,cognitive impairments,FALSE
pos_1360,"itraconazole,vincristine",fatal toxicities,FALSE
negsent1_344,"cyclosporine,steroid",ulcerative colitis,FALSE
negsent1_997,"5-aminosalicylic acid,sulphasalazine",side effects,FALSE
pos_1897,l-tryptophan,eosinophilia-myalgia syndrome,FALSE
pos_3052,amphotericin b,neurotoxicity,FALSE
pos_2513,cyclophosphamide,subglottic stenosis,FALSE
pos_4004,zonisamide,oligohidrosis,FALSE
pos_3178,"fluoresone,phenobarbital,phenytoin",gynecomastia,FALSE
pos_953,ethambutol,optic neuropathy,FALSE
pos_3868,mtx,"cirrhosis,liver cirrhosis",FALSE
pos_1190,metaraminol,anaphylaxis,FALSE
pos_1125,"fosinopril,indapamide",diabetes,FALSE
pos_1120,indapamide,diabetes,FALSE
pos_110,"alendronate,fleet phospho-soda,fosamax","hypocalcemic tetany,hypophosphatemia",FALSE
negsent1_1389,carbamazepine,,FALSE
pos_3678,acyclovir,neurotoxicity,FALSE
pos_2317,tigecycline,"acute pancreatitis,elevated pancreatic enzymes,severe abdominal pain",FALSE
pos_2447,hydroxychloroquine,retinal toxicity,FALSE
negsent1_1052,daunomycin,fluctuating systolic function,FALSE
negsent1_1363,"alpha interferon,thyroxine",hypothyroidism,FALSE
pos_1187,"pegylated interferon alpha-2a,ribavirin",celiac disease,FALSE
pos_3664,lithium,toxic and immunomodulatory roles,FALSE
pos_159,nitrofurantoin,"boop,bronchiolitis obliterans organising pneumonia,lung disease",FALSE
negsent1_909,"pranlukast,systemic corticosteroid",clinical symptoms improved,FALSE
pos_2510,quinine,photosensitivity,FALSE
pos_3541,metronidazole,"ataxia,liver abscess,reversible deafness,splenic abscess,tinnitus",FALSE
pos_4097,"interferon alfa,pentostatin",thrombocythemia,FALSE
negsent1_269,erlotinib,fatal side effect,FALSE
pos_1283,enalapril,anemia,FALSE
pos_915,carbamazepine,asterixis,FALSE
pos_896,vecuronium,flaccid quadriparesis,FALSE
pos_2250,etanercept,persistent hypoglycemia,FALSE
pos_187,troglitazone,irreversible liver injury,FALSE
pos_4080,heroin,bilateral ballism,FALSE
pos_3834,"acetazolamide,phenobarbital,phenytoin",severe osteomalacia,FALSE
negsent1_529,indapamide,essential hypertension,FALSE
pos_1129,imatinib,blast crisis,FALSE
pos_3358,emepronium bromide,oesophageal ulceration,FALSE
pos_535,metoclopramide,"agitation,diaphoresis,dysarthria,movement disorder",FALSE
pos_3189,moxalactam,platelet dysfunction,FALSE
negsent1_415,"fluvoxamine,milnacipran,tizanidine",interaction,FALSE
negsent1_655,"dexamethasone,serotonin receptor antagonist",,FALSE
pos_275,"cilastatin,imipenem","convulsions,seizure",FALSE
pos_1915,erlotinib,fatal pulmonary toxicity,FALSE
pos_1647,vincristine,bilateral ptosis,FALSE
negsent1_770,pranlukast,lymphocyte stimulation test,FALSE
pos_178,l-asparaginase,"sagittal sinus thrombosis,transient free protein s deficiency",FALSE
negsent1_1071,"halcinonide,halcinonide cream","abnormal responses to glucose tolerance tests,altered glucose metabolism",FALSE
negsent1_898,"fluoxetine,tricyclic antidepressants",,FALSE
negsent1_878,vancomycin,,FALSE
pos_3585,phenothiazine,respiratory distress syndrome,FALSE
negsent1_972,tacrolimus,,FALSE
pos_3729,halofantrine,qt interval was prolonged,FALSE
negsent1_332,insulin,,FALSE
negsent1_71,phenytoin,supplemental oxygen,FALSE
pos_2519,cyproterone acetate,severe hepatitis,FALSE
negsent1_437,"clarithromycin,carbamazepine",,FALSE
pos_1077,methotrexate,"severe back pain,urinary retention",FALSE
pos_2384,adalimumab,fulminant cardiomyopathy,FALSE
negsent1_892,infliximab,,FALSE
pos_583,amifostine,anaphylactoid reaction,FALSE
negsent1_1361,"carboplatin,cisplatin",well tolerated without the need of premedication,FALSE
pos_2219,methotrexate,sprue-like syndrome,FALSE
negsent1_1227,vasopressin,"peripheral ischemic response,bleeding,impaired vasodilation,reduced hepatic drug clearance",FALSE
pos_545,interferon alpha,"dilated cardiomyopathy,polymyositis",FALSE
pos_89,losartan,angioedema,FALSE
pos_1015,methylphenidate,fixed drug eruption of the scrotum,FALSE
pos_828,diphenhydramine,cardiac toxicity,FALSE
pos_692,carboplatin,"hyperacute changes on ecg,hypersensitivity",FALSE
pos_3531,danazol,hepatocellular damage,FALSE
pos_160,nitrofurantoin,"fatal outcome,nitrofurantoin induced boop",FALSE
negsent1_1369,trihexyphenidyl,"blepharospasm,clenching of the jaw,antecollis,strained, high-pitched phonation",FALSE
pos_125,oolong tea,delirious,FALSE
pos_3792,desmopressin,hyponatremia,FALSE
pos_478,sulphasalazine,sulphasalazine syndrome,FALSE
negsent1_1419,cyclosporine,,FALSE
pos_2594,quinine,hearing loss,FALSE
pos_741,sirolimus,interstitial pneumonitis,FALSE
pos_1106,bcnu,pulmonary fibrosis,FALSE
pos_3865,mtx,liver cirrhosis,FALSE
pos_2847,"protamine hagedorn,protamine zinc iletin",rebound hyperglycemia,FALSE
pos_2978,aspirin,"reye syndrome,rs",FALSE
negsent1_1282,phenylbutazone,"placebo-controlled provocation test,biopsy of the affected skin",FALSE
pos_4241,pirmenol,"prolongation of the qt interval,t wave inversion",FALSE
pos_622,epoprostenol,erythroderma,FALSE
pos_3969,ferrous sulfate,hypothyroid,FALSE
pos_3697,adenosine,"acceleration of the heart rate,arrhythmia",FALSE
pos_3976,"bleomycin,cyclophosphamide",fibrotic lesions,FALSE
pos_3043,formalin,fatal complication,FALSE
pos_508,"g-csf,granulocyte colony-stimulating factor","neutrophilic skin lesions,painful",FALSE
pos_2608,phosphate diethylstilbestrol,multicentric hepatocellular carcinoma,FALSE
pos_3673,"carbamazepine,cbz","movement disorders,tics",FALSE
pos_3020,carbamazepine,dystonia,FALSE
negsent1_964,"cyclosporine,statins",,FALSE
negsent1_949,"ifosfamide,4-hydroxyifosfamide,chloroacetaldehyde",hemodialysis,FALSE
negsent1_112,"cisplatin,dexamethasone",similar symptoms,FALSE
negsent1_895,lithium,pregnancy,FALSE
pos_2990,"aurothiomalate,fenclofenac,sulphasalazine",iga deficiency,FALSE
negsent1_24,dextrose,reaction,FALSE
pos_1734,"cs,corticosteroid","cutaneous leishmaniasis,leishmania infantum leishmaniasis,lingual leishmaniasis",FALSE
negsent1_1354,methylephedrine,,FALSE
pos_3438,amphotericin,cardiac arrest,FALSE
pos_3355,vinblastine,inappropriate antidiuretic hormone secretion,FALSE
negsent1_842,"hydroxyurea,iron,folic acid,spironolactone,furosemide,allopurinol,theophylline","myeloproliferative disease,anemia,complications of cirrhosis,gout,chronic bronchitis",FALSE
pos_197,carboplatin,hypersensitivity,FALSE
neg_59,ferrous sulfate,hypothyroid,FALSE
pos_2176,partusisten,supraventricular tachycardia,FALSE
neg_70,nortriptyline,seizures,FALSE
pos_3782,5-fu,"neurotoxicity,ocular motor disturbances",FALSE
pos_4239,pirmenol hydrochloride,"qt prolongation,t wave inversion",FALSE
pos_3652,"cyclosporine,prednisone",hypertension,FALSE
pos_3151,amiodarone,interstitial pneumopathy,FALSE
pos_2917,tolazoline,duodenal ulceration,FALSE
pos_77,venlafaxine,acute ischaemic event,FALSE
pos_2020,olanzapine,hyperglycemia,FALSE
negsent1_441,clozapine,,FALSE
negsent1_970,"nefazodone,tacrolimus",,FALSE
pos_2110,cefazolin,leukopenia,FALSE
pos_4010,clozapine,"pericardial effusion,pericarditis,pleural effusion,polyserositis",FALSE
pos_1180,quetiapine,suicidal overdose deaths,FALSE
pos_3649,amphotericin b,"cardiac arrhythmias,mortality",FALSE
negsent1_849,clindamycin,,FALSE
negsent1_445,"tacrolimus,prednisolone",,FALSE
negsent1_805,prednisolone,cutaneous eruption,FALSE
pos_804,carbamazepine,hyponatremia,FALSE
neg_13,amiodarone,pancreatitis,FALSE
pos_2082,alendronate sodium,scleritis,FALSE
negsent1_214,pranlukast,"asthma,open-label clinical trial",FALSE
pos_327,cyclophosphamide,hepatic angiosarcoma,FALSE
pos_1279,sda,rd,FALSE
pos_1311,mycophenolate mofetil,neutropenia,FALSE
pos_4206,naproxen,sensorineural hearing loss,FALSE
pos_1606,"docetaxel,gemcitabine","boop,progression of the tumor,severe respiratory insufficiency",FALSE
negsent1_196,sertraline,discontinuation of sertraline,FALSE
negsent1_1075,ibopamine,"blood dyscrasia,resolution of symptoms",FALSE
negsent1_251,vecuronium,"severe, acute myopathy with selective degeneration of myosin filaments,respiratory failure,hypercapnia,acidosis,endotracheal intubation,prolonged ventilatory support",FALSE
negsent1_170,tiagabine,,FALSE
pos_369,fluvoxamine,increased libido,FALSE
pos_2687,"o,p'-ddd",hypoadrenalism,FALSE
pos_1055,phenobarbital,exacerbation of a preexisting maladaptive behavior,FALSE
negsent1_1426,phenytoin,,FALSE
pos_374,meglumine antimoniate,pancreatitis,FALSE
pos_3881,insulin,"dedifferentiation of the adipocytes,hyperproduction of tnf-alpha",FALSE
pos_3241,rifampin,tubular and interstitial lesions,FALSE
pos_724,brimonidine,paradoxical raised iop,FALSE
pos_3506,mannitol,arf,FALSE
pos_3370,barbiturate,submassive hepatic necrosis,FALSE
pos_3584,"levemepromazine,methotrimeprazine meleate",respiratory distress syndrome,FALSE
neg_26,rituximab,boop,FALSE
pos_1118,infliximab,"iir,severe infliximab infusion reaction,severe swelling of the forearm and hand ipsilateral",FALSE
pos_3798,"acyclovir,lithium",lithium toxicity,FALSE
pos_2988,fenclofenac,iga deficiency,FALSE
pos_1813,gemcitabine,radiation recall pneumonitis,FALSE
pos_3977,procainamide hydrochloride,lupus syndrome,FALSE
pos_2545,sucralfate,hypophosphatemic osteomalacia,FALSE
pos_930,recombinant alpha-interferon,congestive heart failure,FALSE
pos_246,propafenone,ataxia,FALSE
pos_4029,az,"acute hemorrhagic gastritis,az intoxication",FALSE
pos_157,nitrofurantoin,"abnormal computed tomographic scans,impaired lung function",FALSE
negsent1_92,chlorambucil,acute red cell anemia,FALSE
pos_3912,rifabutin,uveitis,FALSE
pos_235,colchicine,"myopathy,vacuolated fibers,variation in muscle fiber size",FALSE
pos_969,infliximab,lupus,FALSE
negsent1_1387,erlotinib,adverse pulmonary effects,FALSE
pos_1095,clozapine,hypersensitivity myocarditis,FALSE
pos_4056,methicillin,nephropathy,FALSE
pos_4077,d-penicillamine,"acute generalized dystonia,brainstem and thalamic lesions",FALSE
pos_2723,nifedipine,gastro-oesophageal reflux,FALSE
pos_4210,"calcitriol,phosphate","potassium loss,secondary hyperparathyroidism,vitamin d intoxication",FALSE
pos_3967,"inorganic arsenic,thorotrast,vinyl chloride",hepatic angiosarcoma,FALSE
pos_2947,ampicillin sodium,severe temporary weakness,FALSE
negsent1_340,lamotrigine,,FALSE
pos_3842,lithium,creutzfeldt-jakob syndrome,FALSE
pos_3708,t-pa,"atheroembolic acute renal failure,cholesterol crystal embolization,extrarenal manifestations",FALSE
pos_3273,hydroxychloroquine,nephrosis,FALSE
negsent1_844,phenytoin,inhibits the metabolism,FALSE
pos_2365,mtx,lpd,FALSE
negsent1_373,omeprazole,reactions,FALSE
pos_2086,"gatifloxacin,grepafloxacin,levofloxacin,moxifloxacin,sparfloxacin,trovafloxacin","dizziness,headache,insomnia",FALSE
negsent1_11,acyclovir,renal failure,FALSE
negsent1_1030,dipyridamole,serious side-effects,FALSE
negsent1_1280,"ciprofloxacin,piperacillin,tazobactam",thrombocytosis,FALSE
pos_3491,ethanolamine oleate,noncardiogenic pulmonary edema,FALSE
pos_2333,ketamine,damage to the urinary tract,FALSE
pos_1946,metronidazole,neuropathy,FALSE
pos_1900,"rfp,rifampin","hashimoto's thyroiditis,hypothyroidism",FALSE
pos_995,minocycline,hyperpigmentation,FALSE
negsent1_301,levofloxacin,community-acquired pneumonia,FALSE
pos_781,sulfonamides,"erythema multiforme,stevens-johnson syndrome",FALSE
negsent1_962,caffeine,toxicity,FALSE
pos_3068,dextrose,anaphylactoid reaction,FALSE
pos_2684,ara-c,paresthesias,FALSE
pos_4207,niacin,dental and gingival pain,FALSE
negsent1_1435,foscarnet,exacerbation of cytomegalovirus retinitis,FALSE
negsent1_1171,methylphenidate,ocular side effects,FALSE
pos_744,"lithium,olanzapine","fever,generalized rigidity,increased serum transaminase and creatine kinase,leukocytosis",FALSE
pos_2552,chromic phosphate,colon perforation,FALSE
pos_3861,"lidocaine,methamphetamine,quinine","keratitis,toxic effects",FALSE
pos_2445,zidovudine,pure red cell aplasia,FALSE
negsent1_1313,"tacrolimus,macrolide antibiotics",,FALSE
pos_996,minocycline,cutaneous pigmentation,FALSE
negsent1_395,clonazepam,behaviors significantly decreased,FALSE
negsent1_228,interferon alfa,formulation of recombinant human interferon conjugated with polyethylene glycol,FALSE
negsent1_142,lidocaine,"intoxication,cutaneous absorption",FALSE
pos_2967,insulin,self-limited edema,FALSE
pos_1529,"interferon alpha 2b,ribavirin",sarcoidosis,FALSE
pos_146,ifosfamide,ifosfamide-induced encephalopathy,FALSE
negsent1_782,"cyclosporine,corticosteroids",anemia,FALSE
pos_1159,"ifn-alpha,il-2",severe anemia,FALSE
negsent1_305,"leflunomide,cholestyramine",infections,FALSE
pos_2054,l-asparaginase,"posterior reversible encephalopathy syndrome,pres",FALSE
pos_3153,propranolol,"alternating sinus rhythm,intermittent sinoatrial block",FALSE
pos_280,vigabatrin,visual field constriction,FALSE
negsent1_64,clarithromycin,,FALSE
pos_177,flecainide,interstitial hypoxaemiant pneumonitis,FALSE
negsent1_81,cyclophosphamide,"adjuvant chemotherapy,secondary myelodysplastic syndromes,acute leukemia",FALSE
pos_2275,calcineurin,pain syndrome,FALSE
negsent1_1186,arsenic trioxide,,FALSE
negsent1_817,methotrexate,"desensitization,chemotherapy",FALSE
pos_4041,low-molecular weight heparin,skin necrosis,FALSE
pos_1522,mtx,subacute neurotoxicity,FALSE
pos_1943,adenosine,sustained monomorphic ventricular tachycardia,FALSE
pos_3127,gold,pulmonary gold toxicity,FALSE
negsent1_405,methotrexate,toxicity,FALSE
pos_3794,desmopressin,hyponatremia,FALSE
pos_3005,desferrioxamine,retinal problems,FALSE
negsent1_1155,"azathioprine,6-mercaptopurine,thiopurines",treatment of inflammatory bowel diseases,FALSE
pos_3144,lorcainide,hyponatremia,FALSE
pos_3215,zomepirac,"anaphylactoid shock,anuric renal failure,disseminated intravascular coagulation",FALSE
pos_1641,methylprednisolone,acute myocardial infarction,FALSE
pos_2182,methotrexate,anaphylactic/anaphylactoid reaction,FALSE
negsent1_167,"mannitol,methylprednisolone",rapid improvement,FALSE
pos_515,mefloquine,acute lung injury,FALSE
pos_3479,omeprazole,esophageal candidiasis,FALSE
pos_2497,amiodarone,thyrotoxicosis,FALSE
negsent1_122,"interferon-alpha,recombinant interferon-alpha",retreatment,FALSE
pos_2089,levofloxacin,acute-onset delirium with psychotic features,FALSE
negsent1_690,"flurbiprofen,nonsteroidal anti-inflammatory drugs",,FALSE
negsent1_578,tacalcitol,,FALSE
pos_74,minocycline,mononucleosis-like syndrome,FALSE
pos_2039,tamoxifen,"cervical adenocarcinoma,endometrial carcinoma,gastric tumor",FALSE
pos_3008,gold,proteinuria,FALSE
pos_2840,sodium nitroprusside,"leucopenia,thrombocytopenia",FALSE
pos_2450,trazodone,transient hypomanic symptoms,FALSE
neg_119,infliximab,osteomyelitis,FALSE
pos_855,rosiglitazone,heart failure exacerbation,FALSE
pos_3705,prednisolone,kaposi's sarcoma,FALSE
pos_2424,carboplatin,severe hypersensitivity,FALSE
pos_1075,methotrexate,neurotoxicity,FALSE
negsent1_914,"minoxidil,topical minoxidil","adverse effects,low systemic absorption",FALSE
pos_2311,flurbiprofen,acute tubulointerstitial nephritis,FALSE
pos_2283,stavudine,hyperlactatemia,FALSE
pos_1868,colchicine,rhabdomyolysis,FALSE
pos_551,tamoxifen,aggressive endometrial carcinoma,FALSE
pos_3196,penicillamine,ttp,FALSE
neg_44,clozapine,td,FALSE
pos_196,zolmitriptan,spinal cord infarction,FALSE
pos_690,"carboplatin,cyclophosphamide",collapsed,FALSE
pos_2206,lenalidomide,"aa,severe aplastic anemia",FALSE
pos_701,methylprednisolone,glycemia,FALSE
negsent1_511,metronidazole,,FALSE
pos_1108,dorzolamide,choroidal detachment,FALSE
negsent1_990,heparin,therapy,FALSE
pos_3923,mesalamine,hypersensitivity pneumonitis,FALSE
pos_2202,"infliximab,leflunomide",syringotropic hypersensitivity reaction,FALSE
negsent1_97,cisplatin,chemotherapy,FALSE
pos_473,dipivefrin,entropion,FALSE
pos_279,5-aminosalicylic acid,acute pancreatitis,FALSE
neg_114,"smx,tmp","meningitis,aseptic meningitis",FALSE
pos_3586,apomorphine,dyskinesias,FALSE
pos_212,morphine,nonconvulsive status epilepticus,FALSE
pos_133,clozapine,elevated serum triglycerides,FALSE
pos_822,rituximab,"destruction of cd20 positive cells,massive cytokines liberation",FALSE
pos_48,heparin,priapism,FALSE
neg_152,lithium,nephrotic syndrome,FALSE
pos_340,quinine,severe thrombocytopoaenia,FALSE
pos_1879,clozapine,agranulocytosis,FALSE
pos_3916,praziquantel,large cerebral infarction,FALSE
pos_559,itraconazole,liver damage,FALSE
pos_2402,licorice,hypokalemia,FALSE
pos_780,sulfonamide,stevens-johnson syndrome,FALSE
pos_2933,"sulfamethoxazole,trimethoprim",pseudomembranous colitis,FALSE
negsent1_252,acetazolamide,"renal tubular abnormality,acidosis",FALSE
pos_1628,carbamazepine,"coma,respiratory depression,seizures",FALSE
pos_2721,ethambutol,optic neuropathy,FALSE
negsent1_361,insulin,desensitization,FALSE
pos_2549,"cis-diamine-dichloroplatinum ii,cisplatin","acute coronary ischemia,infarction",FALSE
pos_3803,dapsone,lethal,FALSE
pos_830,cyclophosphamide,systemic candidiasis,FALSE
pos_2433,"all-trans retinoic acid,atra,daunomycin",symptomatic cardiomyopathy,FALSE
negsent1_1373,"linezolid,vancomycin",prosthetic joint infection,FALSE
pos_3835,methotrexate,encephalopathy,FALSE
pos_206,cyanamide,"fatigue,fever",FALSE
negsent1_287,"stavudine,zidovudine,abacavir,tenofovir",hyperlactatemia,FALSE
negsent1_791,zonisamide,,FALSE
negsent1_784,"interferon-alpha,interferon-alpha 2b","carcinoid syndrome,renal carcinoma",FALSE
negsent1_1087,dexamethasone,toxicity,FALSE
neg_122,gemcitabine,pericardial effusion,FALSE
pos_3959,"carbamazepine,cbz",pancreatitis,FALSE
pos_3416,interferon alfa,"sudden bilateral, sequential visual loss",FALSE
negsent1_1129,theophylline,,FALSE
pos_2423,carboplatin,hypersensitivity,FALSE
pos_4218,gold,respiratory failure,FALSE
pos_2488,adalimumab,"macrophagic activation syndrome,visceral leishmaniasis",FALSE
pos_1856,bortezomib,paralytic ileus,FALSE
pos_602,levofloxacin,toxic epidermal necrolysis,FALSE
pos_2405,garenoxacin,"tdp,torsades de pointes,ventricular tachycardia",FALSE
negsent1_1297,"mineral oil,antibiotics",,FALSE
pos_4066,ifosfamide,neurotoxicity,FALSE
pos_730,zonisamide,visual hallucinations,FALSE
negsent1_267,"baclofen,antibiotics","pneumonia,type 1 neurofibromatosis",FALSE
negsent1_372,quinine,muscle cramps,FALSE
pos_890,heparin,thrombocytopenia,FALSE
pos_3548,budesonide,contact dermatitis,FALSE
pos_3730,halofantrine,prolongation of the qt interval,FALSE
pos_3054,doxorubicin,cardiomyopathy,FALSE
pos_3003,"desferrioxamine,prochlorperazine",neurological effects,FALSE
pos_2044,oxybutynin,"acute bilateral blindness,focal seizure,hypertension",FALSE
pos_403,ethanol injection,cutaneous seeding,FALSE
pos_587,clozapine,"agranulocytosis,granulocytopenia",FALSE
pos_2621,methotrexate,cns abnormalities,FALSE
negsent1_1470,vinorelbine,syndrome,FALSE
pos_2476,erlotinib,ild,FALSE
pos_671,amiodarone,corneal deposits,FALSE
negsent1_882,"furosemide,ethacrynic acid",desensitized,FALSE
negsent1_893,vasopressin,infusion into peripheral veins,FALSE
pos_1956,amiodarone,thyroid dysfunction,FALSE
negsent1_983,"captopril,nadolol",,FALSE
pos_597,zuclopenthixol,priapism,FALSE
negsent1_383,"epinephrine,topical epinephrine (1:1000 concentration)",,FALSE
pos_3200,amiodarone,fibrosing alveolitis,FALSE
pos_3768,"betamethasone,magnesium sulfate,nifedipine,terbutaline",edema,FALSE
negsent1_871,auranofin,rheumatoid arthritis,FALSE
pos_2814,halothane,hepatitis,FALSE
negsent1_1005,amiodarone,"sinuatrial disease,implanted pacemaker,supraventricular tachyarrhythmias",FALSE
pos_3802,dapsone,dapsone syndrome,FALSE
pos_1816,"teicoplanin,vancomycin",neutropenia,FALSE
negsent1_921,clioquinol,relapse,FALSE
pos_2961,heparin,hyperkalemia,FALSE
pos_2113,pres,"cyclosporine,posterior reversible encephalopathy syndrome",FALSE
pos_3553,ifn,"moderate hyperglycemia,severe ketonuria",FALSE
negsent1_1193,"methicillin,antibiotic treatment","endocarditis,clinical improvement,nephrotoxic agents,abnormalities in renal function",FALSE
negsent1_47,cisplatin,,FALSE
pos_3259,penicillamine,systemic lupus erythematosus,FALSE
pos_3274,cimetidine,hepatitis,FALSE
negsent1_232,lithium,"delirium,cognitive impairment",FALSE
pos_2076,olanzapine,plms,FALSE
pos_311,venlafaxine,incontinence,FALSE
negsent1_564,phenytoin,complete recovery,FALSE
negsent1_1128,"dexamethasone,beta-blockade","left ventricular outflow tract obstruction,bronchopulmonary dysplasia",FALSE
pos_3467,mefloquine,hypoglycaemia,FALSE
negsent1_184,propranolol,,FALSE
pos_1976,acetylsalicylic acid,pericardial hemorrhage,FALSE
pos_3067,chlorambucil,chromosome damage,FALSE
pos_1088,ifn alpha,restless legs syndrome,FALSE
pos_866,"argatroban,heparin","hepatic and renal failure,thrombocytopenia",FALSE
pos_2252,bisphosphonate,osteonecrosis of the jaw,FALSE
pos_1428,linezolid,dyserythropoiesis,FALSE
pos_3715,phenol-glycerine,anterior spinal artery syndrome,FALSE
pos_2607,procainamide,pro-arrhythmic effects,FALSE
negsent1_743,mefloquine,,FALSE
pos_2075,olanzapine,rls symptoms,FALSE
negsent1_913,lamotrigine,serious adverse reaction,FALSE
pos_3481,dipyridamole,high-grade atrioventricular block,FALSE
pos_3140,ampicillin,seizures,FALSE
pos_2515,tissue plasminogen activator,splenic hemorrhage,FALSE
pos_2069,baclofen,sexual dysfunction,FALSE
pos_3209,fenoprofen,pure red cell aplasia,FALSE
pos_292,hydroquinone,nail staining,FALSE
pos_1301,"bicalutamide,leuprorelin acetate",interstitial pneumonitis,FALSE
pos_3902,amiodarone,thyrotoxicosis,FALSE
pos_3836,methotrexate,"hydrocephalus,leukoencephalopathy",FALSE
pos_3254,"adriamycin,doxorubicin","adriamycin toxicity,died",FALSE
negsent1_1371,"ramipril,lisinopril",left ventricular dysfunction,FALSE
pos_2188,adriamycin,cardiotoxicity,FALSE
pos_1284,enalapril,anemia,FALSE
neg_19,magnesium,neuromuscular block,FALSE
neg_80,clozapine,serotonin syndrome,FALSE
pos_1679,thrombin,arterial thrombosis,FALSE
neg_154,alpha interferon,hypothyroidism,FALSE
pos_2345,"adriamycin,cisplatinum","cardiotoxicity,nephrotoxicity",FALSE
pos_1275,"methotrexate,mtx",malignant lymphoma,FALSE
negsent1_291,gold,,FALSE
pos_4268,"lithium,lithium","diabetes insipidus-like syndrome,lithium intoxication",FALSE
neg_155,heparin,thrombosis,FALSE
pos_3662,lithium,thyrotoxicosis,FALSE
pos_3596,"carbamazepine,sodium valproate",psoriasiform eruptions,FALSE
negsent1_1276,pseudoephedrine,,FALSE
pos_4087,cyclosporine,hypersensitivity reaction,FALSE
pos_3262,"disopyramide,norpace",hypoglycemia,FALSE
negsent1_1191,phenytoin,radiation therapy,FALSE
pos_4033,magnesium ammonium phosphate,urinary calculus,FALSE
pos_1674,rituximab,boop,FALSE
pos_3650,amphotericin b,cardiac complications,FALSE
pos_3898,esmolol hydrochloride,asystole,FALSE
pos_1021,warfarin,thoracic aortic dissection,FALSE
pos_3747,methotrexate,extraarticular side effect,FALSE
negsent1_558,"cisplatin,cisplatin 60 mg/m2",sixth cycle of therapy,FALSE
negsent1_422,"alum,aluminum",,FALSE
negsent1_465,phenytoin,adverse drug interaction,FALSE
negsent1_1383,tadalafil,reaction,FALSE
pos_3858,mequitazine,photosensitivity reaction,FALSE
negsent1_693,dexmedetomidine,"sedation,radiological imaging studies",FALSE
pos_3591,agno3,generalized argyria,FALSE
pos_3172,vasopressin,"acute renal failure,myoglobinuria",FALSE
negsent1_447,methylphenidate,,FALSE
pos_4042,reserpine,reserpine toxicity,FALSE
pos_2334,ketamine,damage to the urothelium,FALSE
pos_823,rituximab,autoimmune hemolytic anemia,FALSE
negsent1_1243,rifampicin,,FALSE
negsent1_354,cefoxitin,renal functional impairment,FALSE
neg_12,clozapine,td,FALSE
pos_2542,sulfadiazine,"crystalluria,renal failure",FALSE
negsent1_1438,acyclovir,pregnancy,FALSE
pos_2779,nafcillin,seizures,FALSE
negsent1_776,brimonidine,,FALSE
pos_4252,amiodarone,"ait,thyrotoxicosis",FALSE
pos_2001,trastuzumab,"plural effusion dyspnoea,pulmonary infiltrates",FALSE
pos_776,carbimazole,"agranulocytosis,neutropenic sepsis",FALSE
pos_3632,imidazoline,imidazoline intoxication,FALSE
negsent1_26,"carbamazepine,phenobarbital",anticonvulsant therapy,FALSE
pos_7,clozapine,granulocytopenia,FALSE
pos_3740,foscarnet,"nephrogenic diabetes insipidus,renal tubular acidosis",FALSE
pos_2164,disodium cromoglycate,"moderately severe bronchospasm,urticarial rash",FALSE
pos_93,heparin,thrombocytopenia,FALSE
pos_1480,gemcitabine,radiation recall,FALSE
negsent1_225,cyproterone acetate,"adverse hepatic reaction,hepatotoxic",FALSE
negsent1_1029,zomepirac,no proliferative response,FALSE
pos_756,propylthiouracil,"hepatic injury,submassive hepatic necrosis",FALSE
pos_2822,d-penicillamine,rapidly progressive glomerulonephritis,FALSE
negsent1_841,minocycline,,FALSE
pos_1396,mycophenolate mofetil,cns lymphoma,FALSE
pos_691,carboplatin,coronary vasospasm,FALSE
negsent1_360,"arginine,spironolactone",treatment,FALSE
negsent1_325,clozapine,"eosinophilia,haematological side effects",FALSE
pos_1850,capecitabine,headache,FALSE
pos_624,ticlopidine,marrow aplasia,FALSE
pos_350,acetazolamide,renal failure,FALSE
pos_1715,moxifloxacin,corneal ulcers,FALSE
negsent1_668,"lamotrigine,sertraline",potent interactions with lamotrigine metabolism,FALSE
pos_1652,erlotinib,skin manifestations,FALSE
pos_906,adrenaline,dilated cardiomyopathy,FALSE
pos_905,bleomycin,cutaneous scleroderma,FALSE
pos_2829,6-mercaptopurine,myelotoxicity,FALSE
negsent1_145,"acetohexamide,acetozolamide",substitution,FALSE
negsent1_133,clozapine,,FALSE
pos_1917,moxifloxacin,torsade de pointes,FALSE
pos_410,cbz,"cortical hyperexcitability,cranial nerve areflexia,profound burst-suppression eeg pattern,reversible encephalopathy",FALSE
negsent1_69,omeprazole,reflux esophagitis,FALSE
negsent1_713,cytosine arabinoside,"mononuclear pleocytosis,increased protein",FALSE
pos_499,ofloxacin,toxic epidermal necrolysis,FALSE
pos_4195,pranlukast,"atin,hypersensitivity reaction",FALSE
pos_2411,kalimate,"colonic mucosal necrosis in the rectum,profuse hematochezia",FALSE
pos_3742,tissue plasminogen activator,choroidal hemorrhage,FALSE
pos_3886,methotrexate,"bone marrow suppression,methotrexate toxicity,painful erosion of psoriatic plaques",FALSE
negsent1_687,ifosfamide,renal failure,FALSE
pos_1392,gemcitabine,"pericardial effusion,radiation recall reaction",FALSE
pos_3824,cyclophosphamide,sarcoma,FALSE
pos_3180,amoxapine,dyskinesia,FALSE
negsent1_1342,linezolid,,FALSE
negsent1_1302,fludarabine,,FALSE
pos_3762,captopril,"atypical cholangitis,liver damage",FALSE
pos_4135,flutamide,psa continued to decrease,FALSE
pos_4106,clindamycin phosphate,toxin-positive clostridium difficile-induced colitis,FALSE
pos_2828,gold,aplastic anemia,FALSE
pos_3186,deanol,tardive dyskinesia,FALSE
negsent1_249,lidocaine,intoxication by cutaneous absorption,FALSE
pos_3441,ifn,graves' hyperthyroidism,FALSE
pos_3770,"calcitriol,calcium carbonate",milk-alkali syndrome,FALSE
pos_128,caffeine,"delirium,hyponatremia,rhabdomyolysis",FALSE
pos_2191,"aripiprazole,mianserin",unusual weight fluctuation,FALSE
pos_1539,ifosfamide,neurotoxicity,FALSE
pos_333,quetiapine,"obsessive-compulsive symptoms,ocs",FALSE
pos_1955,amiodarone,hypothyroidism,FALSE
negsent1_1381,vinorelbine,advanced breast cancer,FALSE
pos_3630,goserelin acetate,"flare-up,severe dyspnea,worsening pleuritis carcinomatosa",FALSE
pos_2535,aluminum,"cardiomyopathy,encephalopathy",FALSE
negsent1_719,"epinephrine,topical epinephrine",endoscopic sinus surgery,FALSE
pos_3974,tamoxifen,"carcinoma,endometrial lesions",FALSE
pos_4020,phenolphthalein,ten,FALSE
negsent1_347,"moxifloxacin,moxifloxacin 0.5%",sterile corneal ulcers,FALSE
negsent1_63,"econazole,econazole lotion 1%",dermatitis,FALSE
pos_3462,benzarone,"hepatotoxicity,severe chronic active hepatitis",FALSE
pos_1823,flecainide,cardiovascular collapse,FALSE
pos_3997,"methimazole,propylthiouracil",cutaneous reactions,FALSE
neg_167,olanzapine,agranulocytosis,FALSE
negsent1_974,suxamethonium,,FALSE
negsent1_1366,lacosamide,"intoxication,overdoses,ingestion",FALSE
pos_1827,raloxifene,nash,FALSE
pos_1561,"dipyrone,metamizole",agranulocytosis,FALSE
pos_2790,captopril,asthma,FALSE
pos_2437,imatinib,cutaneous ks lesions,FALSE
pos_2749,sodium valproate,camptocormia,FALSE
pos_3476,tamoxifen,"low-grade endometrial carcinoma,uterine neoplasia",FALSE
neg_56,quinine,tma,FALSE
pos_4216,gold,alveolar-interstitial pneumopathy,FALSE
negsent1_657,alum,"renal impairment,excessive accumulation,toxicity",FALSE
pos_3351,5-fluorouracil,pigmentary changes,FALSE
pos_3349,"perhexiline maleate,pexid","hepatic dysfunction,papilloedema",FALSE
pos_142,theophylline,theophylline intoxication,FALSE
pos_1270,zoledronic acid,severe hypocalcaemia,FALSE
pos_2455,lacosamide,"ataxia,diplopia,dizziness,somnolence",FALSE
pos_244,"lamivudine,stavudine",lactic acidosis,FALSE
negsent1_1106,"vasopressin,injection sclerotherapy,peripheral vein vasopressin","bleeding from oesophageal varices,failed to control bleeding",FALSE
negsent1_870,clozapine,hematologic side effects,FALSE
pos_1045,vancomycin,agranulocytosis,FALSE
pos_3523,phenytoin,basilar invagination,FALSE
pos_1832,thalidomide,"fever,pulmonary infiltrates",FALSE
pos_3624,fluoxetine,sexual dysfunction,FALSE
negsent1_209,interferon alpha,,FALSE
pos_1142,l-asparaginase,necrotizing pancreatitis,FALSE
pos_2118,bleomycin,pulmonary fibrosis,FALSE
pos_3010,methotrexate,"bilateral pulmonary infiltrates,diffuse interstitial pulmonary fibrosis",FALSE
pos_2178,erlotinib,rosaceiform eruption,FALSE
negsent1_1322,sulindac,,FALSE
pos_2750,"carbamazepine,lynestrenol,sodium valproate",hepatopathy,FALSE
pos_3612,mitomycin c,"hemolytic-uremic syndrome,pulmonary hemorrhage",FALSE
pos_250,pilsicainide,loss of consciousness,FALSE
pos_148,f viii,portal vein thrombosis,FALSE
pos_3018,methotrexate,"abdominal pain,bone pain,elevated liver transaminases,mild neutropenia,mild pruritus,nausea",FALSE
pos_2338,infliximab,"colitis,disseminated cryptococcosis",FALSE
pos_2278,risperidone,neuroleptic malignant syndrome,FALSE
pos_655,cyclosporin a,"aggravation of the joint condition,generalised pustular exacerbation",FALSE
pos_2599,"bleomycin,oxygen",acute pneumonitis,FALSE
pos_629,rosiglitazone,"ankle, hand, and facial swelling",FALSE
pos_972,infliximab,"anti-double-stranded dna,antinuclear antibodies,increase of autoantibodies",FALSE
pos_3613,mmc,"hus,pulmonary hemorrhage",FALSE
pos_223,"carboplatin,gemcitabine",hus,FALSE
negsent1_342,metformin,"fibrinolytic features,diminished plasminogen activator inhibitor 1 activity",FALSE
pos_3828,nitrofurantoin,pulmonary toxicity,FALSE
pos_3901,atenolol,impaired memory,FALSE
negsent1_1141,alemtuzumab,chronic lymphocytic leukemia,FALSE
pos_3929,colchicine,corneal ulcers refractory to conventional treatment,FALSE
pos_2366,methotrexate,lymphoproliferative disorder,FALSE
pos_291,"0.1% tretinoin cream,4% hydroquinone in sorbolene cream",brown discolouration of the fingernails,FALSE
neg_107,dexmedetomidine,bradycardia,FALSE
negsent1_758,procainamide,complete recovery,FALSE
pos_308,fludarabine,"aml,lung cancer",FALSE
pos_1947,metronidazole,sensory neuropathy,FALSE
negsent1_876,phenytoin,,FALSE
pos_2190,carbamazepine,diabetes mellitus,FALSE
pos_4022,phenolphthalein,"ten,toxic epidermal necrolysis",FALSE
negsent1_832,"cyclosporine,antibiotics",,FALSE
negsent1_379,clonidine,treat a variety of problems,FALSE
pos_1023,ramipril,cutaneous vasculitis,FALSE
pos_1719,amphotericin b deoxycholate,"bradycardia,cardiac toxicity,ventricular arrhythmias",FALSE
pos_2258,quinine,thrombotic microangiopathy,FALSE
pos_39,salazosulfapyridine,acute generalized exanthematous pustulosis,FALSE
pos_392,levofloxacin,polymorphic ventricular tachycardia,FALSE
pos_2718,ethambutol,optic neuropathies,FALSE
negsent1_270,triamcinolone acetonide,intravitreal injection,FALSE
negsent1_1023,timolol,,FALSE
pos_1611,carbamazepine,"angioedema,maculopapular eruptions",FALSE
pos_3123,gold sodium thiomalate,"stroke-like syndrome,vasomotor reaction",FALSE
pos_373,meglumine antimoniate,pancreatitis,FALSE
pos_3829,nitrofurantoin,respiratory failure,FALSE
pos_2223,ifn-alpha,"graves' disease,subacute thyroiditis",FALSE
negsent1_1420,"pegylated interferon,ribavirin",changes in fundus findings,FALSE
negsent1_131,clozapine,,FALSE
pos_3148,lorcainide,"hyponatremia,hypoosmolality",FALSE
pos_2930,formalin,fatal outcome,FALSE
pos_2239,tenofovir,nephrotoxicity,FALSE
pos_674,"amiodarone,digoxin","ocular effects,visual changes",FALSE
pos_2381,dasatinib,pleural effusion,FALSE
negsent1_1273,"triamcinolone,photodynamic therapy,intravitreal triamcinolone",choroidal neovascularization,FALSE
pos_2031,ranibizumab,ocular hypertension,FALSE
negsent1_1315,"lopinavir,ritonavir,lopinavir/ritonavir","increased mania,possible interaction",FALSE
pos_3727,hydroxyurea,acute leukemia,FALSE
pos_2696,amantadine,precipitating psychosis,FALSE
pos_2902,timolol,severe hyperkalemia,FALSE
pos_2472,vancomycin,anaphylactic reaction,FALSE
pos_2965,insulin,edema,FALSE
pos_115,infliximab,nodular sclerosing hodgkin's lymphoma,FALSE
negsent1_735,insulin,proliferation test,FALSE
pos_3816,human insulin,lipoatrophy,FALSE
pos_3644,lithium,exophthalmos,FALSE
negsent1_732,clonazepam,behavioral side effects,FALSE
pos_1431,fluoxetine,rbd,FALSE
pos_4070,methyldopa,hepatitis,FALSE
pos_23,prednisone,pruritic bullous eruption,FALSE
pos_2920,trazodone,generalized pustular psoriasis,FALSE
pos_1397,mm,cns lymphoma,FALSE
negsent1_1456,venlafaxine,"symptoms resolved,discontinuation",FALSE
pos_3950,verapamil,"acute asthma,dyspnea",FALSE
pos_225,sodium valproate,"hyperandrogenism,menstrual disorders,polycystic ovaries,reproductive endocrine disorders",FALSE
pos_281,vigabatrin,visual field constriction,FALSE
negsent1_1328,vancomycin,agranulocytosis,FALSE
negsent1_912,digoxin,heart disease,FALSE
pos_3645,clofazimine,abdominal pain,FALSE
pos_838,interferon alpha,"neurological signs,optic neuritis",FALSE
negsent1_442,practolol,"conditions,cessation of intake of the drug",FALSE
pos_569,mirtazapine,ss,FALSE
pos_2604,procainamide,tachycardia,FALSE
negsent1_56,clozapine,eosinophilia,FALSE
pos_4047,mesalamine,acute pancreatitis,FALSE
negsent1_1407,temozolomide,treatment of metastatic melanoma,FALSE
pos_217,chop,multiple abscesses,FALSE
pos_1457,interferon alpha-2b,cardiomyopathy,FALSE
negsent1_1178,olanzapine,"poor long-term compliance,frequent relapse of psychotic symptoms",FALSE
negsent1_952,"cyclophosphamide,cisplatin","porphyrin abnormality,symptoms",FALSE
pos_3516,quinapril,cough,FALSE
pos_1853,propafenone,"st elevation in right precordial leads,type 1 brugada syndrome",FALSE
negsent1_925,tacrolimus,"nephrotoxicity,neurotoxicity",FALSE
negsent1_795,"promethazine,flumazenil","antagonize the sedative effects,return the patient to a wakeful state",FALSE
pos_3433,bleomycin,lung toxicity,FALSE
negsent1_389,lamivudine,well tolerated,FALSE
pos_3819,ofloxacin,"renal insufficiency,seizures",FALSE
pos_968,"cytarabine,mitoxantrone",neh,FALSE
pos_778,mitomycin c,corneoscleral melting,FALSE
pos_3247,disulfiram,fatal fulminant hepatitis,FALSE
negsent1_635,tobramycin,rechallenge with the drug,FALSE
pos_1002,amifostine,"fever,fevers of neutropenia,sepsis",FALSE
pos_2232,chlorambucil,dress syndrome,FALSE
pos_2474,hexoprenaline,pulmonary oedema,FALSE
pos_2785,choline magnesium trisalicylate,hepatotoxicity,FALSE
pos_1927,leflunomide,infections,FALSE
pos_2960,amiodarone,pneumonitis,FALSE
pos_2030,"peginterferon alpha-2b,ribavirin",type 1 diabetes mellitus,FALSE
pos_1384,lamivudine,adrs,FALSE
pos_3100,silver sulfadiazine,acute leukopenia,FALSE
pos_3764,m-csf,nephrotic syndrome,FALSE
pos_242,gemfibrozil,eosinophilic gastroenteritis,FALSE
pos_1363,pseudoephedrine,"cerebral vascular malformation,hemorrhage",FALSE
negsent1_345,sulprostone,"postpartum haemorrhage,caesarean section",FALSE
pos_814,infliximab,lupus-like syndrome,FALSE
pos_4111,lamotrigine,"sjs,ten",FALSE
negsent1_477,hydroxychloroquine,"multifocal electroretinogram,colour vision tests,contrast sensitivity measurements",FALSE
pos_3748,methotrexate,nodules,FALSE
pos_789,"fk506,tacrolimus",mutism,FALSE
pos_3822,phenytoin,phenytoin hypersensitivity syndrome,FALSE
pos_1762,docetaxel,subacute interstitial pneumonitis-related pulmonary fibrosis,FALSE
pos_2547,"azathioprine,prednisolone","brain damage,prenatal cytomegalovirus (cmv) infection",FALSE
pos_2806,phenytoin,cardiopulmonary arrest,FALSE
negsent1_887,"carbamazepine,ritonavir",interaction,FALSE
pos_601,mitomycin c,hus,FALSE
pos_96,heparin,"hemorrhagic complications,thrombocytopenia",FALSE
pos_3377,diphenylhydantoin,monoclonal gammopathy,FALSE
negsent1_923,risperidone,"mood lability,impulsivity",FALSE
pos_164,interferon-alpha,akathisia,FALSE
pos_3082,accutane,transient myopia,FALSE
pos_604,"bleomycin,cisplatin,vinblastine",grand mal seizures,FALSE
pos_231,cya,staphylococcus aureus sepsis,FALSE
pos_176,flecainide,hypersensitivity pneumonitis,FALSE
neg_113,cisplatin,100 mg/m2,FALSE
pos_3195,penicillamine,"thrombotic thrombocytopenic purpura,ttp",FALSE
negsent1_366,lithium,,FALSE
negsent1_1359,metamizole,,FALSE
pos_2425,"sulfamethoxazole,trimethoprim","aseptic meningitis,hemolytic anemia,hepatitis,orthostatic hypotension",FALSE
pos_2885,phenytoin,"pruritus,swelling of the face and legs",FALSE
pos_129,caffeine,"rhabdomyolysis,water intoxication",FALSE
pos_3174,amphotericin b,nephrotoxicity,FALSE
pos_4264,psoralen,"skin extremely sensitive,sunburn",FALSE
negsent1_1372,"theophylline,corticosteroids",status asthmaticus,FALSE
pos_2613,vinblastine,hyponatremia,FALSE
pos_2670,ibuprofen,ulcerative proctitis,FALSE
pos_2815,halothane,hepatitis,FALSE
pos_1345,interferon alfa,cutaneous necrosis,FALSE
pos_2526,tamoxifen,endometrial carcinoma,FALSE
pos_1340,ifn,"hypoalbuminemia,ocular side effects,thrombocytopenia",FALSE
pos_833,"dapsone,rifampin",reversal reaction,FALSE
pos_2028,"alpha-2b peginterferon,ribavirin",type 1 diabetes mellitus,FALSE
pos_1312,mmf,neutropenia,FALSE
negsent1_1105,protamine,cardiac catheterization,FALSE
pos_2280,warfarin,bleeding,FALSE
pos_3175,amphotericin b,nephrotoxicity,FALSE
negsent1_1165,"clomipramine,clozapine","undifferentiated schizophrenia,obsessive-compulsive behavior",FALSE
negsent1_803,isoniazid,tuberculosis,FALSE
negsent1_978,"interleukin-2,interferon alfa",treat this cancer,FALSE
negsent1_464,heparin,in vivo and in vitro cross-reactivity,FALSE
negsent1_1296,"interferon,interferon alpha,antidepressants","improved psychiatric tolerability,schizoaffective psychosis",FALSE
pos_3712,gold,mucocutaneous side effects,FALSE
pos_2128,hydroxyurea,"longitudinal melanonychia,multiple skin cancers",FALSE
pos_416,metformin,severe inferior digestive hemorrhage,FALSE
pos_220,methylprednisolone,normotensive scleroderma renal crisis,FALSE
neg_6,atomoxetine,tics,FALSE
negsent1_988,"cefotiam,piperacillin,antibiotic therapies","catatonic syndrome,schizophrenia,infectious diseases",FALSE
pos_2710,ampicillin,"acute interstitial nephritis,exfoliative dermatitis,renal failure",FALSE
pos_4013,rhgh,hypercalcemia,FALSE
pos_3556,carbamazepine,hypersensitivity syndrome,FALSE
pos_1169,cap,neurologic symptoms,FALSE
negsent1_1134,verapamil,"supraventricular tachycardia,congestive cardiac failure",FALSE
pos_2284,bacitracin,anaphylactic reaction,FALSE
pos_1695,ifn-beta-1b,"nephrotic syndrome,proteinuria",FALSE
pos_2165,disodium cromoglycate,"asthma,urticaria",FALSE
pos_2161,methylprednisolone,adrenal suppression in a fetus,FALSE
pos_3699,methotrexate,lymphoma,FALSE
negsent1_530,"aliskiren,irbesartan",blood pressure control,FALSE
pos_4203,voglibose,"intolerable dizziness,nausea,vomiting",FALSE
pos_265,"calcitonin,calsynar","conjunctivitis,perspiration,rhinitis",FALSE
pos_4108,"lamotrigine,valproic acid",ten,FALSE
negsent1_1017,gemcitabine,,FALSE
pos_2679,lithium,neurotoxicity,FALSE
pos_1183,etanercept,pulmonary lymphohistiocytic reactions,FALSE
pos_723,brimonidine,paradoxical ocular effect,FALSE
pos_1842,valproic acid,raised intracranial pressure,FALSE
pos_1347,"pegylated interferon alfa-2b,ribavirin",local cutaneous reactions,FALSE
pos_2434,imatinib,ks,FALSE
pos_512,tiagabine,"vfds,visual field defects",FALSE
pos_2813,morphine,myoclonic spasms,FALSE
pos_2525,tamoxifen,carcinoma of the corpus uteri,FALSE
negsent1_827,"theophylline,zafirlukast",regimen,FALSE
pos_2371,oxymetazoline,syncope,FALSE
pos_1051,colchicine,peyronie's disease,FALSE
pos_927,norethisterone,"clitoral hypertrophy,masculinization of a female fetus",FALSE
negsent1_1416,levodopa,motor hyperkinesias,FALSE
pos_2803,cyclosporine a,nephrotoxicity,FALSE
pos_3570,zidovudine,"fetal damage,fetotoxic,teratogenic",FALSE
pos_1705,doxorubicin,intertrigo-like eruption,FALSE
pos_3907,protamine,"pulmonary vasoconstriction,right ventricular failure",FALSE
pos_2125,methylprednisolone,"seizures,transient blindness",FALSE
negsent1_650,"amiodarone,thyroxine","replacement therapy,hypothyroidism",FALSE
pos_3281,flucytosine,ulcerating enteritis,FALSE
pos_2935,vasopressin,"abdominal pain,collapse",FALSE
pos_1242,gliadel,cerebral edema,FALSE
negsent1_961,"dexmedetomidine,glycopyrrolate","hypertensive response,bradycardia",FALSE
pos_1346,interferon alfa,cutaneous necrosis,FALSE
pos_1038,"phenylpropanolamine,ppa","neurologic events,stroke",FALSE
negsent1_220,halofantrine,antimalarials,FALSE
pos_2458,methotrexate,pleuropericarditis,FALSE
pos_2014,imatinib mesylate,fatal acute hepatic failure,FALSE
pos_2376,natalizumab,primary central nervous system lymphoma,FALSE
pos_1289,cbdca,"apnea,cardiac arrest,eruptions,hypotension,severe hypersensitivity reactions,tachycardia",FALSE
pos_4243,praziquantel,"diffuse myalgia,fever,inflammatory reaction around dying cysticerci,myositis,weakness of the lower limbs",FALSE
neg_111,heparin,thrombocytopenia,FALSE
pos_1367,quetiapine,"dka,dm",FALSE
pos_2297,etoposide,saml,FALSE
pos_168,"uft,uracil-tegafur",scleroderma-like reaction,FALSE
pos_1889,oxcarbazepine,angioedema,FALSE
pos_791,insulin,oedema,FALSE
pos_1157,infliximab,"necrotizing vasculitis,peripheral neuropathy,progression of preexisting mononeuritis multiplex",FALSE
negsent1_262,adenosine,atrial flutter,FALSE
pos_2453,methylephedrine,stroke,FALSE
negsent1_581,"morphine,inhaled morphine",resuscitation,FALSE
negsent1_1059,"chlorambucil,prednisone",chronic lymphocytic leukemia,FALSE
pos_2734,valproic acid,dementia,FALSE
pos_2351,lmwh,spontaneous hemothorax,FALSE
pos_904,bleomycin,scleroderma,FALSE
pos_2305,sunitinib,gynaecomastia,FALSE
pos_2211,amantadine,bilateral corneal endothelial dysfunction,FALSE
pos_4226,mirtazapine,intoxication,FALSE
pos_2473,hexoprenaline,pulmonary oedema,FALSE
pos_1293,fentanyl,adrenocortical insufficiency,FALSE
pos_4228,vitamin d,"acute vitamin d poisoning,hypercalcemia",FALSE
pos_17,"bupivacaine,lidocaine",methemoglobinemia,FALSE
pos_1464,insulin,lipohypertrophy,FALSE
pos_1667,lamotrigine,localized purpura,FALSE
pos_2269,enoxaparin,hepatotoxicity,FALSE
pos_1323,linezolid,"bone marrow depression,peripheral neuropathy",FALSE
pos_2301,clarithromycin,rhabdomyolysis,FALSE
pos_433,ifn-alpha,myasthenia gravis,FALSE
pos_1781,methadone,fluctuation of the qt interval,FALSE
pos_2941,nitroglycerin,paradoxical pulmonary vasoconstriction,FALSE
pos_2561,danazol,insulin-dependent diabetes mellitus,FALSE
pos_644,cladribine,vasculitis,FALSE
pos_544,warfarin,bleeding,FALSE
pos_3688,vasopressin,rhabdomyolysis,FALSE
neg_117,phosphate,potassium loss,FALSE
pos_2938,cis-platinum,ototoxicity,FALSE
negsent1_1080,infliximab,osteomyelitis,FALSE
pos_2528,disulfiram,"eosinophilia,headache,mild fever,nausea,rash,vomiting",FALSE
pos_2318,tigecycline,acute pancreatitis,FALSE
pos_120,hu,increase in total hb,FALSE
negsent1_636,epirubicin,tumour recurrence,FALSE
pos_2505,azathioprine,cholestasis,FALSE
pos_798,doxycycline,angioimmunoblastic lymphadenopathy with dysproteinemia,FALSE
pos_2531,methotrexate,leukoencephalopathy,FALSE
pos_2078,olanzapine,"periodic limb movements during sleep,plms,restless legs syndrome,rls",FALSE
negsent1_762,niflumic acid,,FALSE
negsent1_577,atenolol,"overdose,renal failure,serial hemodialysis,hemoperfusion,echocardiographic findings",FALSE
pos_201,etoposide,t-aml,FALSE
pos_2460,itraconazole,tremor,FALSE
pos_386,leflunomide,weight loss,FALSE
pos_2520,iothalamate,fixed drug eruption,FALSE
pos_3814,human insulin,lipoatrophy,FALSE
negsent1_29,"ciprofloxacin,methotrexate",interaction,FALSE
pos_2443,zidovudine,anaemia,FALSE
negsent1_1236,quetiapine,,FALSE
pos_940,fk506,rta,FALSE
negsent1_656,olanzapine,,FALSE
pos_1162,warfarin,bleeding symptoms,FALSE
negsent1_1467,formalin,therapy,FALSE
pos_2945,ampicillin,myasthenia gravis,FALSE
pos_4229,furosemide,congestive heart failure,FALSE
pos_2037,efalizumab,disseminated eruptive giant mollusca contagiosa,FALSE
negsent1_234,bisabolol,,FALSE
negsent1_1310,valproate,,FALSE
pos_1134,"ciprofloxacin,glyburide",refractory hypoglycemia,FALSE
negsent1_1224,"vinorelbine,demeclocycline","successful treatment,recurrence of the syndrome",FALSE
pos_3015,methotrexate,bilateral pulmonary infiltrates,FALSE
pos_684,mizoribin,"siadh,syndrome of inappropriate secretion of antidiuretic hormone",FALSE
neg_143,"ciprofloxacin,piperacillin,tazobactam",thrombocytosis,FALSE
pos_4260,mineral oil,"elp,exogenous lipoid pneumonia",FALSE
pos_464,didanosine,seizures,FALSE
pos_1358,"itraconazole,vincristine",neurotoxicity,FALSE
pos_2983,propranolol,"decrease in heart rate,paroxsymal increase in blood pressure",FALSE
pos_639,vasopressin,ischemic skin complications,FALSE
pos_2970,pyridoxine,acute hypotonia,FALSE
pos_1540,ifosfamide,ncse,FALSE
pos_2971,oxacillin,severe cholestasis,FALSE
pos_4058,methysergide,retroperitoneal fibrosis,FALSE
pos_4263,8-methoxypsoralen,intense burn,FALSE
negsent1_931,"lidocaine,lidocaine cream",absorption of lidocaine through diseased skin,FALSE
negsent1_1163,sunitinib,dialyzed patients with metastatic renal cell carcinoma,FALSE
negsent1_1167,levothyroxine,"deleterious effects on the therapeutic stability,cost savings",FALSE
pos_2316,tigecycline,acute pancreatitis,FALSE
pos_130,caffeine,"caffeine toxicity,coexisting hyponatremia,injured the muscle cells,potassium depletion,rhabdomyolysis",FALSE
negsent1_257,6-mercaptopurine,,FALSE
pos_1093,sargramostim,sweet's syndrome,FALSE
pos_1326,tamoxifen,"endometrial adenocarcinoma,uterine sarcoma",FALSE
pos_3875,fludarabine,aiha,FALSE
negsent1_491,naloxone,inappropriate use of antagonists,FALSE
pos_2177,erlotinib,rosaceiform eruption,FALSE
pos_1615,carbamazepine,"angioedema,maculopapular rash",FALSE
pos_1238,thalidomide,"neuropathy,proximal weakness",FALSE
pos_2263,methylphenidate,"acute cardiomyopathy,pericarditis",FALSE
negsent1_1173,cerivastatin,,FALSE
pos_3279,flucytosine,diarrhea,FALSE
pos_3089,gold,neuropathy,FALSE
pos_1677,thrombin,severe arterial thrombotic events,FALSE
pos_4161,theophylline,reaction to the drug became more toxic,FALSE
pos_257,lithium,"intense anxiety,neurotoxicity,psychotic symptoms",FALSE
negsent1_885,triamcinolone,intravitreal injection,FALSE
pos_1724,lp-tae,"liver dysfunction,localized pain,low-grade fever,myelo-suppression",FALSE
negsent1_926,argatroban,,FALSE
pos_1333,vigabatrin,ophthalmologic and neurologic findings,FALSE
pos_2129,hydroxyurea,"multiple skin cancers,nail changes",FALSE
neg_52,imatinib,ks,FALSE
pos_750,6-tg,"abnormal liver enzymes,liver enzyme abnormalities",FALSE
pos_1140,l-asparaginase,pancreatitis,FALSE
pos_2451,etanercept,severe heart failure,FALSE
pos_2862,penicillamine,"neurologic disease,neurologic worsening",FALSE
pos_445,indinavir,"nephrolithiasis,papillary necrosis",FALSE
pos_277,"gabapentin,gbp",behavioural side effects,FALSE
pos_2126,hydroxyurea,"mucocutaneous adverse events,nail hyperpigmentation",FALSE
pos_2413,clozapine,tardive dyskinesia,FALSE
negsent1_522,"methotrexate,penicillin,probenecid",alter the elimination of methotrexate,FALSE
pos_1188,"pegylated interferon,ribavirin",celiac disease,FALSE
pos_2619,dextran-40,renal failure,FALSE
pos_1993,temozolomide,rash,FALSE
pos_3166,cholestyramine,hyperchloremic metabolic acidosis,FALSE
pos_942,fk506,rta,FALSE
pos_774,carbimazole,"fever,sore throat",FALSE
pos_1022,ramipril,cutaneous vasculitis,FALSE
pos_1214,azathioprine,drug eruption,FALSE
pos_1995,temozolomide,fever,FALSE
pos_3246,disulfiram,fulminant hepatitis,FALSE
pos_4204,naproxen,sudden sensorineural hearing loss,FALSE
negsent1_198,leflunomide,severe infections,FALSE
negsent1_418,"gemcitabine,cisplatin,vinorelbine",squamous-cell carcinoma of the lung,FALSE
pos_1745,cyclosporine,nephrotoxicity,FALSE
pos_1682,oxaliplatin,hemolytic uremic syndrome,FALSE
pos_1975,acetazolamide,metabolic acidosis,FALSE
pos_1578,"ifn-beta,interferon-beta",liver injury,FALSE
pos_216,risperidone,"eps,extrapyramidal symptoms",FALSE
negsent1_392,"isoniazid,rifampicin,pyrazinamide,ethambutol",antituberculosis treatment,FALSE
pos_4178,cisplatin,progressive sensorineural hearing loss,FALSE
negsent1_158,"methylprednisolone,steroids",allergic reactions,FALSE
pos_406,adenosine,acceleration of the ventricular rate,FALSE
pos_769,hydroxyurea,philadelphia positive chronic myeloid leukaemia,FALSE
pos_366,fludarabine,aspergillus arthritis,FALSE
negsent1_847,acenocoumarol,anticoagulant effect,FALSE
neg_99,pld,eruption,FALSE
pos_679,rifabutin,visual disturbance,FALSE
negsent1_1048,"cyclosporine,mycophenolate mofetil",total cyclosporine withdrawal,FALSE
neg_97,vancomycin,csfe,FALSE
pos_315,lead,high blood lead level,FALSE
pos_2556,pyridostigmine bromide,bromide intoxication,FALSE
negsent1_676,disopyramide,hypoglycemia,FALSE
pos_3154,propranolol,"alternating sinus rhythm,intermittent sinoatrial (s-a) block",FALSE
pos_401,succinylcholine,hyperkalemia,FALSE
pos_2021,olanzapine,hyperglycemia,FALSE
pos_1260,propylthiouracil,"antineutrophil cytoplasmic antibodies,sensorineural hearing loss",FALSE
pos_3367,chlorambucil,fatal interstitial pneumonitis,FALSE
pos_1519,mtx,central neurological syndrome,FALSE
pos_109,"alendronate sodium,fleet phospho-soda",hypocalcemic tetany,FALSE
pos_1356,recombinant human interferon-beta-1b,"abdominal wall ulceration,mucinosis",FALSE
pos_765,propylthiouracil,hepatic impairment,FALSE
negsent1_323,fluoxetine,"ingestion,postmortem blood concentrations",FALSE
negsent1_1146,etanercept,,FALSE
negsent1_1260,"haloperidol,lithium",incompatibility,FALSE
pos_1456,infliximab,mycobacterium abscessus,FALSE
negsent1_759,halofantrine,treatment failure,FALSE
negsent1_979,"cisplatin,cisplatin-based combination chemotherapy",primary ovarian malignancy,FALSE
pos_2588,methotrexate,"brainstem herniation,fatal cerebral edema",FALSE
negsent1_416,colchicine,"clinical improvement,decreasing in muscle enzyme level",FALSE
pos_696,capecitabine,allergic reactions,FALSE
pos_1586,carmustine,myocardial ischemia,FALSE
pos_41,olanzapine,muscle injury with concomitant elevations of serum ck,FALSE
pos_649,"bucillamine,d-penicillamine","giant hypertrophy,mammary hyperplasia",FALSE
neg_30,gemcitabine,pulmonary toxicity,FALSE
negsent1_1216,warfarin,complication,FALSE
pos_3651,amphotericin b,cardiac complications,FALSE
pos_1873,interferon-gamma,systemic lupus erythematosus,FALSE
pos_3984,"azithromycin,clarithromycin,lovastatin",rhabdomyolysis,FALSE
negsent1_204,methimazole,sepsis,FALSE
pos_3285,l-asparaginase,pancreatitis,FALSE
negsent1_966,cloxacillin,intradermal test was positive,FALSE
negsent1_227,clozapine,"parkinsonism,schizophrenia",FALSE
pos_2582,sulpiride,tardive dyskinesia,FALSE
pos_1006,pantoprazole,acute interstitial nephritis,FALSE
pos_3589,ddi,fulminant hepatitis,FALSE
pos_4115,methanol,"bilateral putaminal injury,methanol toxicity,severe central nervous system insult",FALSE
pos_2969,pyridoxine,seizures,FALSE
pos_303,quinine,thrombocytopenia,FALSE
pos_3392,griseofulvin,"nephrotic syndrome,systemic lupus erythematosus",FALSE
pos_247,propafenone,"adverse central nervous system effects,dizziness",FALSE
negsent1_1266,phenytoin,,FALSE
negsent1_258,dasatinib,pleural effusions,FALSE
pos_609,interleukin-2,toxic epidermal necrolysis,FALSE
pos_2641,metoclopramide,parkinsonism,FALSE
negsent1_1492,itraconazole,acute hepatitis,FALSE
neg_18,heparin,platelet activation,FALSE
pos_711,metronidazole,lactate elevation,FALSE
pos_1435,dofetilide,"acute myocardial ischemia,flash pulmonary edema,qt prolongation,torsades de pointes",FALSE
pos_4167,clozapine,rhabdomyolysis,FALSE
pos_2018,olanzapine,hyperglycemia,FALSE
pos_2261,aliskiren,acute renal failure,FALSE
negsent1_568,cisplatin,cardiac disease,FALSE
pos_1276,risperidone,"tardive dyskinesia,td",FALSE
pos_1398,baclofen,fever,FALSE
negsent1_510,cholestyramine,osteomalacia,FALSE
pos_2369,sorafenib,"acute renal failure,hyperkalemia,hyperuricemia",FALSE
pos_3204,theophylline,gynecomastia,FALSE
pos_2625,dapsone,erythroderma,FALSE
pos_762,lithium,"blindness,cpm",FALSE
pos_3398,ketoralac,acute sensorineural hearing loss,FALSE
pos_2987,chlorambucil,eeg abnormalities,FALSE
pos_3908,protamine,pulmonary hypertension,FALSE
pos_1503,"lopinavir,ritonavir,valproic acid,vpa",mania,FALSE
negsent1_675,"meperidine,normeperidine","elimination of normeperidine is decreased,narcotic effects of meperidine usually predominate",FALSE
negsent1_638,gemcitabine,hemodialysis for 6 months,FALSE
negsent1_39,adalimumab,severe adverse reaction,FALSE
pos_2616,bleomycin,hyperpigmentation,FALSE
pos_1992,temozolomide,exfoliative rash,FALSE
pos_3879,tobramycin,tetany,FALSE
negsent1_1045,methotrexate,tumour lysis,FALSE
pos_3940,clonidine,adverse response,FALSE
pos_238,paclitaxel,plp,FALSE
negsent1_459,phenytoin,"hypersensitivity,antigen-antibody reactions,alteration of lymphocyte function,enzyme abnormality,production of toxic metabolites",FALSE
negsent1_367,cyclosporine,,FALSE
pos_2418,all-trans retinoic acid,"acute focal myositis,possible vasculitis,synovitis",FALSE
pos_4174,alprazolam,changes in the plasma cortisol level,FALSE
negsent1_630,"captopril,enalapril,lisinopril,ramipril",patch testing,FALSE
pos_2771,dapsone,hypersensitivity syndrome,FALSE
pos_405,adenosine,ventricular fibrillation,FALSE
negsent1_182,ritodrine hydrochloride,prompt response,FALSE
pos_2766,vincristine,visual loss,FALSE
pos_3105,captopril,acute reversible renal failure,FALSE
negsent1_1097,gemcitabine,pericardial effusion,FALSE
pos_4002,zonisamide,"neurological symptoms,oligohidrosis",FALSE
pos_571,mirtazapine,serotonin syndrome,FALSE
pos_3888,methotrexate,"bone marrow suppression,methotrexate toxicity,oral and gastrointestinal ulceration",FALSE
pos_259,"carbamazepine,ritonavir,saquinavir","carbamazepine toxicity,progressive ataxia",FALSE
pos_2844,insulin,"hypoglycemia,rebound hyperglycemia",FALSE
negsent1_1430,sumatriptan,acute headache episode,FALSE
pos_3840,lithium,creutzfeldt-jakob syndrome,FALSE
pos_3485,tamoxifen,"endometriosis,ovarian endometrioid carcinoma",FALSE
pos_262,calcitonin,anaphylaxis,FALSE
pos_3074,"bleomycin,cisplatinum,vinblastine","encephalopathy,transient left homonymous hemianopsia",FALSE
negsent1_68,"propafenone,citalopram",potential interaction,FALSE
pos_3924,prednisolone,mite infestation,FALSE
pos_763,lithium,"central pontine myelinolysis,temporary blindness",FALSE
pos_4215,phosphate,transtubular potassium gradient (ttkg) also decreased,FALSE
negsent1_1169,"propafenone,citalopram,nitroglycerin patch","discontinued,decreased,continued",FALSE
pos_2878,prazosin,severe drop in blood pressure,FALSE
pos_3767,"macrophage-colony-stimulating factor,m-csf",nephrotic syndrome,FALSE
pos_2584,methotrexate,"bridging fibrosis,hepatitis,reversible hepatic insufficiency",FALSE
pos_2187,adriamycin,cardiotoxicity,FALSE
negsent1_483,"heparin,iloprost,aspirin,dipyridamole",inhibit ex vivo the heparin-induced platelet aggregation,FALSE
pos_2492,tmp-smx,"cutaneous skin eruptions,hepatotoxicity,hypersensitivity syndrome",FALSE
pos_1939,efavirenz,psychosis,FALSE
pos_1394,mm,cns lymphoma,FALSE
pos_845,dapsone,agranulocytosis,FALSE
pos_2057,anastrozole,sclerosing glomerulonephritis,FALSE
pos_2937,protamine,fatal anaphylaxis,FALSE
pos_288,vancomycin,vancomycin toxicity,FALSE
pos_3783,"5-fluorouracil,5-fu","cerebellar dysfunction,neurotoxicity",FALSE
pos_3380,atovaquone,vortex keratopathy,FALSE
pos_1571,paclitaxel,pulmonary fibrosis,FALSE
pos_2598,"bleomycin,cis-platinum,vinblastine",hemolytic uremic syndrome,FALSE
pos_2833,hdarac,neurotoxicity,FALSE
pos_1635,temozolomide,"kaposi's sarcoma,listeria brain abscess,pneumocystis pneumonia",FALSE
pos_2654,"bleomycin,cisplatin",tma,FALSE
pos_1468,penicillin g,jhr,FALSE
pos_1528,interferon alpha,sarcoidosis,FALSE
pos_3312,timolol maleate,"bradycardia,congestive heart failure",FALSE
negsent1_90,"sulfasalazine,corticosteroid",restrictive lung disease,FALSE
pos_1802,fentanyl,serotonin syndrome,FALSE
pos_3436,amphotericin b,"arrhythmias,cardiac arrest",FALSE
pos_4063,ticlopidine,agranulocytosis,FALSE
negsent1_4,gold,,FALSE
pos_3156,propranolol,conduction disorder,FALSE
negsent1_986,"clarithromycin,carbamazepine",atypical pneumonia,FALSE
pos_455,olanzapine,acute intoxication,FALSE
negsent1_835,lisinopril,,FALSE
pos_3882,insulin,lipoatrophy,FALSE
pos_1491,furosemide,pancreatitis,FALSE
pos_4100,propranolol,"lower average heart rate,lower average mean blood pressure",FALSE
pos_719,clarithromycin,fulminant liver failure,FALSE
negsent1_1386,niacin,onset of symptoms,FALSE
pos_4267,metoclopramide,nonthrombocytopenic palpable purpura,FALSE
pos_733,mtx,anaphylactic reactions,FALSE
pos_1154,ciprofloxacin,nephrotoxicity,FALSE
negsent1_1466,metamizole,complications,FALSE
negsent1_185,"timolol,timolol maleate eyedrops",adverse effects on potassium metabolism,FALSE
neg_27,etanercept,tuberculous uveitis,FALSE
pos_2551,chromic phosphate,bowel injury,FALSE
pos_3058,ouabain,cardiomyopathy,FALSE
negsent1_417,meperidine,"accumulates in patients with renal insufficiency, sickle cell disease, and cancer",FALSE
pos_1790,amiodarone,"aggravation of arrhythmia,hepatotoxicity,pulmonary toxicity,thyroid diseases",FALSE
pos_34,omeprazole,eruption,FALSE
pos_1205,mtx,"acute renal failure,diarrhea,elevated liver transaminases,jaundice,mucosal ulcerations,pancytopenia,pyrexia,vomiting",FALSE
pos_1402,captopril,"eosinophilia,radiographic abnormalities",FALSE
pos_4037,danazol,thrombocytopenia,FALSE
pos_1498,prostaglandin e1,gastric-outlet obstruction,FALSE
pos_642,mitomycin-c,hemolytic uremic syndrome,FALSE
negsent1_138,gemcitabine,complication,FALSE
pos_1258,ptu,"anca-associated vasculitis,ototoxicity",FALSE
pos_2949,"prednisone,theophylline",perforated gastric ulcer,FALSE
pos_3170,dcf,"conjunctivitis,keratitis,ocular toxicity",FALSE
pos_2273,cyclosporine,pain syndrome,FALSE
pos_957,acenocoumarol,overanticoagulation,FALSE
negsent1_562,"clarithromycin,rifabutin",reactions,FALSE
pos_3107,captopril,acute reversible renal failure,FALSE
pos_1758,heparin,"thrombocytopenia,thrombosis",FALSE
pos_2387,amikacin,tubular dysfunction,FALSE
pos_3891,"cimetidine,tolazoline",upper gastrointestinal hemorrhage,FALSE
negsent1_1379,"carbamazepine,topiramate,olanzapine,quetiapine,guanfacine,desmopressin acetate",,FALSE
pos_2199,triamcinolone,cushing syndrome,FALSE
negsent1_1153,ifosfamide,,FALSE
pos_2396,sorafenib,interstitial pneumonia,FALSE
pos_1462,insulin,lipohypertrophy,FALSE
pos_816,infliximab,lupus-like clinical syndrome,FALSE
pos_3885,methotrexate,potentially toxic,FALSE
negsent1_697,tolazoline,abolish the effect,FALSE
pos_528,inh,"anagen effluvium,lichenoid eruption",FALSE
pos_304,colchicine,colchicine intoxication,FALSE
negsent1_467,"insulin,protamine,regular insulin",poor response to regular insulin desensitization,FALSE
pos_2463,zonisamide,"acute kidney injury,an increase in antihuman herpesvirus-6 immunoglobulin g titer,eosinophilia,high-grade fever,liver dysfunction,lymphadenopathy,skin rash",FALSE
neg_163,prostaglandin e1,antral hyperplasia,FALSE
negsent1_789,prochlorperazine,complications,FALSE
pos_3849,"cetrimide,chlorhexidine",metabolic acidosis,FALSE
pos_3263,cefoxitin,renal failure,FALSE
pos_4185,olanzapine,severe akathisia,FALSE
pos_871,clozapine,eps,FALSE
pos_2728,phenytoin,"iga deficiency,ige increase",FALSE
negsent1_506,mirtazapine,,FALSE
neg_103,fluphenazine,nms,FALSE
pos_1622,gemcitabine,radiation recall,FALSE
pos_2719,ethambutol,"toxic optic neuropathies,visual loss",FALSE
pos_2099,vrc,angio-oedema,FALSE
pos_1702,rituximab,hbv reactivations,FALSE
negsent1_106,"clomipramine,clozapine","dosage increase,tapered and stopped",FALSE
pos_2084,"cefotiam,piperacillin",tardive seizures,FALSE
pos_857,enoxaparin,generalized maculopapular rash,FALSE
pos_4257,mineral oil,impair mucociliary transport,FALSE
pos_4086,"cremophor el,cyclosporine",hypersensitivity reactions,FALSE
pos_1744,metoclopramide,oculogyric crisis,FALSE
negsent1_1486,venlafaxine,neuropathic pain therapy,FALSE
negsent1_128,pegaptanib,,FALSE
pos_3315,digoxin,"functional impairment,left ventricular dilatation,ventricular fibrillation",FALSE
negsent1_118,praziquantel,"deleterious effects,subarachnoid cysticerci",FALSE
negsent1_1418,linezolid,"life-threatening adverse reaction,monitor kidney function",FALSE
neg_93,imatinib,blast crisis,FALSE
pos_3566,"ethambutol,isoniazid",vision loss,FALSE
pos_3027,5-fu,squamous-cell carcinoma,FALSE
pos_2849,captopril,bullous lichenoid eruption,FALSE
pos_654,cyclosporin a,generalised pustular psoriasis,FALSE
pos_3129,cyclophosphamide,pneumonitis,FALSE
pos_3960,cbz,acute pancreatitis,FALSE
negsent1_1229,"lopinavir,ritonavir,lopinavir/ritonavir,zidovudine,lamivudine",bipolar disorder,FALSE
pos_3143,rifampicin,pemphigus foliaceus,FALSE
pos_537,haloperidol,malignant neuroleptic syndrome,FALSE
pos_2416,clozapine,extrapyramidal symptoms,FALSE
pos_1847,capecitabine,headaches,FALSE
pos_3330,methotrexate,interstitial fibrosis of the lung,FALSE
negsent1_1162,levofloxacin,exfoliative disease,FALSE
pos_3807,lithium,cdi,FALSE
pos_1896,l-tryptophan,eosinophilia-myalgia syndrome,FALSE
pos_289,vancomycin,vancomycin toxicity,FALSE
pos_3818,ofloxacin,seizures,FALSE
pos_1484,gemcitabine,radiation recall,FALSE
pos_371,fluvoxamine,increased libido,FALSE
negsent1_677,"gold,im gold",maintenance doses,FALSE
pos_4062,ticlopidine,febrile agranulocytosis,FALSE
pos_3094,nortriptyline,sinus tachycardia,FALSE
pos_1543,gelatine,anaphylaxis,FALSE
negsent1_643,omeprazole,lesions,FALSE
pos_1672,5-fluorouracil,reversible corneal keratinization,FALSE
pos_2601,bleomycin,pneumonitis,FALSE
pos_2521,griseofulvin,erythema multiforme,FALSE
neg_11,clozapine,tardive ogc,FALSE
pos_3951,verapamil,asthma attack,FALSE
negsent1_588,amiodarone,"paroxysmal atrial fibrillation,idiopathic cardiomyopathy",FALSE
pos_2320,tigecycline,"abdominal pain,pancreatitis",FALSE
neg_33,cbz,tics,FALSE
pos_540,captopril,dermatitis,FALSE
pos_1970,methotrexate,papular eruption,FALSE
negsent1_333,"amifostine,chemoradiotherapy","dermatomyositis,nasopharyngeal cancer",FALSE
pos_1566,sulfadiazine,hypersensitivity,FALSE
pos_3525,phenytoin,craniocervical abnormality,FALSE
negsent1_320,"oxaliplatin,5-fluorouracil,leucovorin",chemotherapy,FALSE
pos_30,pravastatin,myotonia,FALSE
pos_143,theophylline,theophylline poisoning,FALSE
negsent1_326,methicillin,sensitizing agents,FALSE
pos_4271,clozapine,eosinophilia,FALSE
pos_3173,vasopressin,"acute renal failure,myoglobinuria",FALSE
pos_2114,"csa,cyclosporine",pres,FALSE
pos_2506,azathioprine,"bile duct injury,cholestasis",FALSE
pos_1355,interferon beta-1b,"painful ulcers,reticulate erythema",FALSE
pos_2023,"pegifnalpha-2a,pegylated interferon alpha-2a,ribavirin","adult respiratory distress syndrome,ards",FALSE
pos_3852,"3,4-methylenedioxymet-amphetamine ecstasy",poisoning,FALSE
pos_3251,thiabendazole,"prolonged jaundice,sicca complex",FALSE
negsent1_548,sodium polystyrene sulphonate,lowering plasma potassium,FALSE
pos_918,alum,"encephalopathy,seizures",FALSE
negsent1_858,"lithium,lithium carbonate",,FALSE
negsent1_667,"lamotrigine,sertraline",drug-drug interactions,FALSE
pos_3260,prednisone,cushingoid features,FALSE
pos_1062,"belladonna alkaloids,bellamine s,ergotamine,phenobarbital",anticonvulsant hypersensitivity syndrome,FALSE
pos_1352,lansoprazole,"chronic, watery diarrhea",FALSE
pos_1795,etanercept,tuberculous uveitis,FALSE
pos_3665,retinoic acid,"fatal complication,retinoic acid syndrome",FALSE
pos_826,diphenhydramine,cardiotoxicity,FALSE
pos_3343,d-penicillamine,hepatotoxicity,FALSE
pos_2730,adrenaline,dacryolith,FALSE
negsent1_282,cytosine arabinoside,refractory acute leukemia,FALSE
pos_2702,sulfasalazine,lupus erythematosus,FALSE
negsent1_608,imatinib,,FALSE
pos_2708,ampicillin,"generalised exfoliative dermatitis,interstitial nephritis",FALSE
pos_454,lamotrigine,stupor,FALSE
pos_2091,copaxone,crohn's disease,FALSE
pos_4125,penicillin,acute blistering eruption,FALSE
pos_1721,amphotericin b deoxycholate,cardiac toxicity,FALSE
negsent1_737,"paradoxical,antiarrhythmic drugs,antiepileptic drugs","aggravating particular arrhythmias,induce new seizure types",FALSE
negsent1_600,"metoclopramide,dopamine receptor blocking agents,neuroleptic medications,antiemetic drugs,prochlorperazine",adverse effect,FALSE
pos_3797,acyclovir,increase serum lithium levels,FALSE
pos_3256,"asparaginase,prednisone,vincristine sulfate",dural sinus thrombosis,FALSE
pos_3449,inh,neurotoxicity,FALSE
negsent1_1096,disulfiram,complications,FALSE
pos_2346,adalimumab,"jaundice,severe dyspnea,tachypnea",FALSE
pos_770,hydroxyurea,cml,FALSE
pos_141,theophylline,intoxication,FALSE
pos_476,sulphasalazine,"constellation of dermatitis,fever,hepatitis,lymphadenopathy",FALSE
negsent1_691,"levodopa,peripheral dopadecarboxylase inhibitor",,FALSE
pos_123,hu,increase total hb,FALSE
pos_378,"ifn-alpha,interferon-alpha",hashimoto's disease,FALSE
pos_2666,haloperidol,withdrawal emergent syndrome,FALSE
negsent1_612,olanzapine,"gained 62 pounds,30% increase in body weight",FALSE
neg_57,bretylium,ventricular arrhythmia,FALSE
pos_1624,simvastatin,sporadic rippling muscle disease,FALSE
pos_3371,barbiturates,submassive hepatic necrosis,FALSE
pos_2122,vancomycin,neurologic symptoms,FALSE
negsent1_706,"clozapine,sodium valproate",fits,FALSE
pos_3537,acyclovir,neurotoxicity,FALSE
negsent1_953,"nitrite,cationic detergents,isopropyl alcohol,sodium nitrite",methemoglobinemia,FALSE
pos_3135,tamoxifen,retinopathy,FALSE
pos_3265,cefoxitin sodium,acute deterioration of renal function,FALSE
pos_2149,aspirin,intratumoral hemorrhage,FALSE
pos_626,ticlopidine,marrow aplasia,FALSE
pos_4156,ptu,anca,FALSE
pos_2984,propranolol,hypertension,FALSE
negsent1_640,clomiphene citrate,uveitis,FALSE
pos_1855,bortezomib,"gastrointestinal side effect,paralytic ileus",FALSE
pos_787,fk506,neurologic abnormalities,FALSE
negsent1_1345,sodium nitroprusside,hypertensive encephalopathy,FALSE
negsent1_536,5-fluorouracil,,FALSE
pos_3288,lithium,delirious,FALSE
pos_181,vaccination against hepatitis b,polyarteritis nodosa,FALSE
pos_2662,rifampin,thrombocytopenia,FALSE
pos_2229,gemcitabine,hemolytic uremic syndrome,FALSE
negsent1_634,dalteparin,resolution of symptoms,FALSE
pos_721,clarithromycin,fulminant liver failure,FALSE
pos_2000,trastuzumab,pneumonitis,FALSE
negsent1_375,prednisone,"drug intolerance,asthma",FALSE
pos_286,"ifn-alpha,interferon alpha",psychiatric side effects,FALSE
pos_2611,amiodarone,"cerebellar syndrome,symmetric sensorimotor polyneuropathy",FALSE
pos_85,phenytoin,seizures,FALSE
pos_4158,"propylthiouracil,ptu",antineutrophil cytoplasmic antibody,FALSE
negsent1_1397,"naproxen,propionic acid derivatives",offenders,FALSE
pos_397,ticlopidine,"interstitial pulmonary disease,lymphocytic colitis",FALSE
pos_1613,carbamazepine,cutaneous eruptions,FALSE
pos_2277,risperidone,neuroleptic malignant syndrome,FALSE
pos_3461,benzarone,severe hepatotoxicity,FALSE
pos_824,hepatitis b vaccination,acute transverse myelitis,FALSE
pos_870,fluvoxamine,schneiderian first-rank symptoms,FALSE
pos_3903,amiodarone,thyroiditis,FALSE
pos_1412,desferrioxamine,"congestive heart failure,haemosiderosis,liver failure",FALSE
pos_3546,budesonide,contact dermatitis,FALSE
pos_2962,heparin,hyperkalemia,FALSE
pos_2550,chromic phosphate,bowel perforation,FALSE
pos_929,ifn,chf,FALSE
neg_49,tmp-smx,soft tissue infection,FALSE
pos_393,levofloxacin,polymorphic ventricular tachycardia,FALSE
pos_1548,"quetiapine,risperidone",diabetic ketoacidosis,FALSE
pos_3831,dapsone,methemoglobinemia,FALSE
pos_657,ticlopidine,"marrow aplasia,neutropenic",FALSE
pos_3368,chlorambucil,respiratory distress,FALSE
negsent1_499,etanercept,reexposed,FALSE
negsent1_436,diltiazem,,FALSE
negsent1_1248,linezolid,,FALSE
pos_2344,"adriamycin,cis-platinum","cardiomyopathy,nephrotoxicity",FALSE
pos_998,ciprofloxacin,toxic epidermal necrolysis,FALSE
pos_3009,intralipid,fat embolism,FALSE
pos_2444,zidovudine,"anaemia,bone marrow aplasia",FALSE
negsent1_412,"phenytoin,primidone",seizures,FALSE
pos_2752,lorazepam,seizures,FALSE
pos_2246,temsirolimus,proteinuria,FALSE
negsent1_573,"niacin,crystalline niacin,delayed release preparation","beneficial effects on lipid levels,little lipid effect",FALSE
pos_1616,infliximab,"avp,severe adenovirus pneumonia",FALSE
pos_796,methotrexate,acute cerebellar syndrome,FALSE
negsent1_652,isotretinoin,dark-adaptation curves,FALSE
pos_1894,etoposide,pulmonary toxicity,FALSE
pos_1248,imiquimod,secondary infection,FALSE
pos_1262,ptu,"hearing impairment,tinnitus",FALSE
pos_1878,clozapine,eosinophilia,FALSE
pos_1478,bisphosphonate,severe hypocalcaemia,FALSE
pos_2115,warfarin,stuttering priapism,FALSE
pos_2571,ciprofloxacin,interstitial nephritis,FALSE
pos_3719,azathioprine,myelosuppression,FALSE
negsent1_293,"pergolide,pramipexole dihydrochloride",syndrome,FALSE
pos_266,minocycline,autoimmune hepatitis,FALSE
pos_2291,aza,leukopenia,FALSE
pos_1255,interferon alpha,livedo reticularis,FALSE
pos_2838,gold,hypogammaglobulinemia,FALSE
pos_1040,ppa,stroke,FALSE
pos_3676,cbz,motor tics,FALSE
pos_3102,captopril,acute renal failure,FALSE
pos_1186,flupirtine,increased cerebral cortical excitability,FALSE
negsent1_824,nifedipine,adverse reaction,FALSE
pos_2074,olanzapine,"agitation,paraesthesia",FALSE
pos_688,interferon beta-1a,seizures,FALSE
pos_4088,cyclosporine,anaphylactic reaction,FALSE
pos_3023,methazolamide,"agranulocytosis,aplastic anemia",FALSE
pos_3397,gstm,mild nitritoid symptoms,FALSE
pos_3049,allopurinol,hand and foot deformities,FALSE
pos_1846,capecitabine,headache,FALSE
pos_1390,gemcitabine,"pericardial effusion,tamponade",FALSE
pos_788,fk506,speech loss,FALSE
negsent1_390,amphotericin,electrolyte imbalance,FALSE
pos_256,lithium,organic brain syndromes,FALSE
negsent1_1395,temozolomide,glioblastoma multiforme,FALSE
pos_435,"5-fluorouracil,oxaliplatinum",acute lung injury,FALSE
negsent1_793,aspirin,"myocardial infarction,untoward reaction",FALSE
negsent1_409,methotrexate,,FALSE
pos_4085,cyclosporine,hypersensitivity reactions,FALSE
pos_2859,chloramphenicol,hypersensitivity reactions,FALSE
pos_209,cyanamide,liver dysfunction,FALSE
negsent1_1447,"clozapine,atypical neuroleptics","treatment,discontinuation",FALSE
pos_1334,vgb,visual dysfunction,FALSE
pos_4245,alteplase,subfascial hemorrhage,FALSE
pos_720,clarithromycin,fulminant liver failure,FALSE
negsent1_696,methotrexate,possible systemic toxicity,FALSE
pos_4091,prothipendylhydrochloride,priapism,FALSE
pos_3791,desmopressin,"altered mental status,hyponatremia,seizures",FALSE
pos_2563,"glipizide,smx,sulfamethoxazole,tmp,trimethoprim",symptomatic hypoglycemia,FALSE
negsent1_995,8-methoxypsoralen,phototoxicity,FALSE
pos_3931,minocycline,"eruption,exfoliative dermatitis",FALSE
pos_2577,phenobarbital,"hepatocellular failure,skin rash",FALSE
negsent1_1324,"triamcinolone,photodynamic therapy","choroidal neovascularization,age-related macular degeneration",FALSE
pos_2994,trazodone,involuntary movements,FALSE
pos_1010,propecia,bilateral cataract,FALSE
negsent1_1083,mannitol,"renal vasodilator,renal vasoconstrictor",FALSE
negsent1_1417,mineral oil,constipation,FALSE
pos_3085,benzoin,allergic contact dermatitis,FALSE
pos_1671,"lisinopril,losartan",hypotension,FALSE
pos_2991,"lithium,trazodone",movement disorder,FALSE
negsent1_62,calcitonin,,FALSE
negsent1_903,"levamisole,warfarin",,FALSE
negsent1_947,terlipressin,"obesity,non-alcoholic fatty liver disease-related cirrhosis,serious complications",FALSE
negsent1_1472,cyclophosphamide,radiological improvement,FALSE
pos_2868,cyclophosphamide,progressive pulmonary fibrosis,FALSE
pos_753,"cyclophosphamide,prednisolone",panhypogammaglobulinaemia,FALSE
pos_3099,lithium,"akathisia,bucco-linguo-masticatory dyskinesia",FALSE
pos_2196,tacrolimus,"progressive liver failure,severe hepatocellular necrosis",FALSE
pos_722,clarithromycin,"fulminant hepatic failure,liver failure",FALSE
pos_2909,"viloxazine,theophylline","decrease in clearance,theophylline intoxication",FALSE
neg_141,tdf,rickets,FALSE
pos_4165,"theophylline,zafirlukast",drug-drug interaction,FALSE
neg_29,phenytoin,skin lesions,FALSE
pos_3394,griseofulvin,"nephrotic syndrome,systemic lupus erythematosus",FALSE
negsent1_919,tacrolimus,,FALSE
pos_3337,niflumic acid,skeletal fluorosis,FALSE
negsent1_458,aspirin,"asthmatic reaction,desensitized",FALSE
pos_2119,propafenone,mild cognitive impairment,FALSE
pos_1854,"dexamethasone,doxorubicin","gastritis,mucositis",FALSE
pos_2361,"adefovir,lamivudine",hepatitis b infection,FALSE
pos_3317,l-dopa,shortened the manic-depressive cycle,FALSE
negsent1_1161,minocycline,absence of eosinophils,FALSE
pos_370,fluvoxamine,increased libido,FALSE
pos_3198,amiodarone,pulmonary toxicity,FALSE
negsent1_1026,prednisone,serum potassium level normalized,FALSE
negsent1_938,gold,pneumopathy,FALSE
pos_2235,methotrexate,renal toxicity,FALSE
negsent1_382,clonidine,spasticity improved,FALSE
pos_2050,pregabalin,negative myoclonus,FALSE
neg_17,lithium,delirium,FALSE
pos_3188,"cephalosporin,moxalactam",coagulopathy,FALSE
pos_1711,indomethacin,"hypoxia,premature ductal closure",FALSE
negsent1_1197,"clarithromycin,ethambutol,rifabutin",,FALSE
pos_2698,chlorpromazine,symptoms resembling parkinson's disease,FALSE
pos_687,interferon-alpha,nephrotic syndrome,FALSE
pos_2265,methylphenidate,"acute left ventricular dysfunction,chest pain,elevated cardiac biomarkers",FALSE
pos_4071,methyldopa,liver injury,FALSE
pos_3471,sumatriptan,cardiac arrest,FALSE
pos_3758,cisplatin,clostridium difficile colitis,FALSE
pos_1865,pge1,gastric mucosa foveolar hyperplasia,FALSE
pos_1545,bcg,disseminated tuberculous lesions,FALSE
pos_3675,cbz,tics,FALSE
pos_1501,cyclosporine,reversible posterior leukoencephalopathy syndrome,FALSE
pos_1177,nevirapine,"leukopenia,skin and hepatic toxicity",FALSE
pos_2415,clozapine,td,FALSE
pos_4182,olanzapine,akathisia,FALSE
pos_3187,cephalosporins,vitamin k deficiency,FALSE
pos_558,ketoconazole,hepatitis,FALSE
pos_1659,dapsone,hypersensitivity syndrome,FALSE
negsent1_211,"diltiazem,verapamil,calcium-channel blockers,nifedipine",,FALSE
pos_2692,alprazolam,delirium,FALSE
pos_3194,penicillamine,thrombotic thrombocytopenic purpura,FALSE
pos_2192,heparin,thrombocytopenia,FALSE
pos_3110,cyclophosphamide,"alopecia,nausea,vomiting",FALSE
pos_46,2-cda,lymphocytopenia,FALSE
pos_3991,"epinephrine,phenylephrine",severe hypertension,FALSE
negsent1_1166,"morphine,morphine-6-glucuronide",all symptoms resolved,FALSE
negsent1_241,oxybutynin,complete neurological recovery,FALSE
pos_2112,cephalosporin,leukopenia,FALSE
pos_1495,heparin,ivc thrombosis,FALSE
pos_2243,immunoglobulin,acute renal failure,FALSE
pos_2901,timolol,hyperkalemic,FALSE
pos_69,ceftriaxone,hepato-biliary abnormalities,FALSE
pos_2404,"disopyramide,garenoxacin",torsades de pointes,FALSE
pos_1690,"citalopram,mirtazapine",hyponatremia,FALSE
negsent1_317,atenolol,overdose,FALSE
pos_581,lansoprazole,thrombocytopenia,FALSE
pos_1266,flucloxacillin,"aplastic anaemia,liver failure",FALSE
pos_1198,interferon alpha,vogt-koyanagi-harada disease,FALSE
pos_821,rituximab,autoimmune hemolytic anemia,FALSE
pos_4253,amiodarone,"destructive thyroiditis,thyroiditis,trab/tbii without thyroid-stimulating activity",FALSE
pos_3800,"acyclovir,lithium",lithium toxicity,FALSE
pos_2756,isotretinoin,teratogenicity,FALSE
pos_1780,"cisplatin,gemcitabine",status epilepticus,FALSE
pos_1766,valproic acid,juvenile absence epilepsy,FALSE
negsent1_264,epinephrine,,FALSE
pos_439,accutane,teratogenic,FALSE
negsent1_364,carbamazepine,seizures,FALSE
pos_994,minocycline,pigmentary disorders,FALSE
neg_115,ifn,graves' hyperthyroidism,FALSE
negsent1_295,lamotrigine,,FALSE
pos_616,fludarabine,"cough,fever",FALSE
pos_1295,fluphenazine,neuroleptic malignant syndrome,FALSE
pos_1361,pseudoephedrine,intracerebral hemorrhage,FALSE
pos_3261,disopyramide,fasting hypoglycemia,FALSE
pos_2652,captopril,persistent late onset asthma,FALSE
neg_50,enalaprilat,acute bilateral parotitis,FALSE
pos_1417,ritodrine hydrochloride,rhabdomyolysis,FALSE
negsent1_143,"epoprostenol,corticosteroids","tapering,administration",FALSE
pos_1085,ifn-alpha,"akathisia,depressive disorders,neuropsychiatric symptoms,parkinsonism,seizure",FALSE
pos_1143,disulfiram,fulminant hepatic failure,FALSE
negsent1_532,cyclophosphamide,porphyria,FALSE
pos_4099,dexamethasone,hypertrophic obstructive cardiomyopathy,FALSE
negsent1_1004,cholestyramine,"small intestinal disease,resection",FALSE
pos_2834,hdarac,neurotoxicity,FALSE
pos_2928,interferon beta,pulmonary sarcoidosis,FALSE
pos_3014,methotrexate,"granulomas,pneumonitis,pulmonary eosinophilia",FALSE
pos_3201,theophylline,gynecomastia,FALSE
pos_255,tiagabine,non-convulsive status epilepticus,FALSE
pos_1436,phenylephrine,positive u waves,FALSE
negsent1_82,imatinib,"toxic effects,serious adverse events",FALSE
pos_67,brimonidine,central nervous system depression,FALSE
negsent1_1107,"tranexamic acid,bupivacaine","accidental injection,spinal anesthesia",FALSE
negsent1_1117,"clozapine,risperidone",,FALSE
pos_1664,aprotinin,systemic allergic reaction,FALSE
pos_3683,tryptophan,fatal eosinophilia myalgia syndrome,FALSE
pos_1427,infliximab,membranous nephropathy,FALSE
pos_230,valproate,"amenorrhea,gained weight,polycystic changes",FALSE
pos_4246,alteplase,subfascial hematoma,FALSE
pos_1692,interferon (ifn)-beta-1b,nephrotic syndrome,FALSE
pos_4003,zonisamide,heat stroke-like episode,FALSE
negsent1_1425,"acetazolamide,methazolamide",carbonic anhydrase inhibitors,FALSE
negsent1_1487,phenytoin,,FALSE
pos_339,quinine,coagulopathy,FALSE
pos_718,clarithromycin,fulminant liver failure,FALSE
negsent1_1396,"gemcitabine,irinotecan",,FALSE
pos_329,ara-c,"dermatologic toxicity,toxic epidermal necrolysis",FALSE
pos_2169,olanzapine,"hyperglycaemic coma,neuroleptic malignant syndrome",FALSE
negsent1_1207,"ethylenediamine,aminophylline",allergic reaction,FALSE
pos_1411,irbesartan,"angio-oedema,shock",FALSE
negsent1_248,serine,schizophreniform psychotic syndromes,FALSE
pos_1014,methylphenidate,fixed drug rash,FALSE
pos_2559,nimodipine,"adynamic ileus,pseudo-obstruction of the colon",FALSE
negsent1_1488,cytosine arabinoside,a previously undescribed complication,FALSE
neg_45,verapamil,asthma,FALSE
pos_3225,gold,nephropathy,FALSE
pos_1071,"bimatoprost,latanoprost",cystoid macula edema,FALSE
pos_3316,l-dopa,rapid mood cycling,FALSE
pos_3088,cytarabine,visceral herpesvirus infections,FALSE
negsent1_12,leflunomide,severe skin reactions,FALSE
pos_3282,perhexiline maleate,papilledema,FALSE
pos_101,amiodarone,"prolongation of the qt interval,ventricular tachyarrhymias",FALSE
negsent1_1388,gelatine,,FALSE
pos_2741,depo-medrol,"calcification,ossification of the spinal arachnoid",FALSE
pos_213,naloxone,generalized tonic-clonic seizure,FALSE
pos_3024,"acetazolamide,methazolamide",aplastic anemia,FALSE
negsent1_611,"cefazolin,cefoxitin",surgery,FALSE
pos_1161,warfarin,abnormal hypersensitivity,FALSE
pos_150,gliclazide,acute hepatitis,FALSE
negsent1_1272,olanzapine,,FALSE
pos_1442,interferon beta 1a,nephrotic syndrome,FALSE
negsent1_1393,hydroquinone,skin conditions,FALSE
pos_4180,pentazocine,"fibrous myopathy,neuromuscular complication,neuropathy,pentazocine toxicity",FALSE
negsent1_413,"haloperidol,opiates,benzodiazepines","severely agitated,did not respond to conventional therapy",FALSE
pos_1042,ciprofloxacin,psychosis,FALSE
pos_3076,propylthiouracil,"eosinophilia,granulocytopenia,hepatitis,lymphocyte sensitization,skin reaction",FALSE
pos_1499,prostaglandin e1,"antral hyperplasia,gastric-outlet obstruction",FALSE
pos_3348,perhexiline maleate,"hepatic dysfunction,papilloedema",FALSE
negsent1_867,"itraconazole,itraconazole solution",,FALSE
neg_170,olanzapine,camptocormia,FALSE
negsent1_726,cyclosporine,,FALSE
pos_2831,cytarabine,cerebellar syndrome,FALSE
neg_66,razoxane,b-cell lymphoma,FALSE
pos_180,minocycline,benign intracranial hypertension,FALSE
negsent1_1437,muzolimine,toxic metabolite,FALSE
negsent1_1101,"timolol,quinidine,isosorbide dinitrate,dipyridamole,aspirin,pilocarpine eyedrops 4%,timolol eyedrops 0.5%,nitroglycerin ointment",,FALSE
pos_2989,fenclofenac,iga deficiency,FALSE
pos_3296,lithium,"nephrotoxicity,secondary hyperparathyroidism",FALSE
pos_3626,captopril,neutropenia,FALSE
pos_1632,"octreotide,pegvisomant",hepatitis,FALSE
pos_2891,nicotinic acid,"hepatotoxicity,liver disease",FALSE
pos_4019,cisplatin,renal tubular salt wasting,FALSE
negsent1_281,glucocorticoids,,FALSE
pos_3954,cephalexin,cephalexin rash,FALSE
pos_668,gemcitabine,hus,FALSE
pos_647,"d-penicillamine,neothetazone",mammary hyperplasias,FALSE
pos_1165,"cidofovir,foscarnet,ganciclovir",cmv infection,FALSE
pos_1241,gliadel,cerebral edema,FALSE
pos_3439,lithium,"angry outbursts,irritability",FALSE
negsent1_307,gemcitabine,"pulmonary toxicity,respiratory distress",FALSE
pos_4240,pirmenol,"qt prolongation,t wave inversion",FALSE
pos_15,5-aminosalicylic acid,lupus-like syndrome,FALSE
pos_1100,prostaglandin,trichiasis,FALSE
pos_3478,tamoxifen,endometrial adenocarcinoma of the secretory type,FALSE
negsent1_807,"fluoxetine,methylphenidate,clonidine","attention-deficit hyperactivity disorder,obsessive-compulsive disorder",FALSE
pos_3327,propranolol,bronchospasm,FALSE
pos_1858,phenelzine,delusional parasitosis,FALSE
pos_948,methotrexate,cytotoxic edema,FALSE
pos_630,verapamil,polymorphic ventricular tachycardia,FALSE
pos_892,"bromocriptine,cabergoline",pleuropulmonary abnormalities,FALSE
pos_745,"lithium,olanzapine",nms,FALSE
negsent1_473,"cloxacillin,amoxicillin,cefuroxime",,FALSE
pos_3998,thionamide,generalized maculopapular and papular purpuric eruptions,FALSE
pos_2914,phenobarbital,"alopecia,a pruritic desquamating erythrodermic rash,fever,hypersensitivity,icterus,myositis,nephritis,protein-losing enteropathy",FALSE
pos_786,granulocyte colony-stimulating factor,cls,FALSE
pos_3674,carbamazepine,tics,FALSE
pos_431,morphine,spasm,FALSE
neg_112,5-fu,neurologic toxicity,FALSE
pos_2270,methotrexate,posterior reversible encephalopathy syndrome,FALSE
pos_2430,ritodrine,type i second-degree av block,FALSE
negsent1_632,"all-trans retinoic acid,chemotherapeutic agents",induction therapy,FALSE
pos_1149,linezolid,sideroblastic anemia,FALSE
pos_4101,dexamethasone,"left ventricular outflow tract obstruction,septal hypertrophy",FALSE
pos_1113,hepatitis b vaccination,lichen planus,FALSE
pos_1759,"cialis,tadalafil",fixed drug eruption,FALSE
pos_3659,interleukin-2,neurotoxicity,FALSE
negsent1_741,ganciclovir,"cytomegalovirus disease,antiviral effect",FALSE
pos_3930,bicalutamide,fulminant hepatic failure,FALSE
negsent1_476,lithium,antimanic maintenance treatment,FALSE
negsent1_1362,lithium,nephrotic syndrome,FALSE
pos_389,valacyclovir,neurotoxicity,FALSE
pos_4113,risperidone,"depression,feelings of agitation,insomnia,intolerable affect,periods of crying",FALSE
negsent1_1375,heparin,,FALSE
pos_3191,"cephalosporin,moxalactam",coagulopathy,FALSE
pos_169,uft,uft-induced scleroderma-like reaction,FALSE
negsent1_661,danazol,"left ovarian cyst,endometrial cyst",FALSE
negsent1_523,carbamazepine,cardiopulmonary bypass,FALSE
pos_2694,sulfasalazine,ibd,FALSE
pos_384,leflunomide,weight loss,FALSE
pos_3601,procainamide,electrical proarrhythmia,FALSE
pos_1191,glatiramer acetate,"localized panniculitis,subcutaneous changes",FALSE
pos_2973,isoniazid,pellagra,FALSE
pos_1768,"avastin,bevacizumab",acute endophthalmitis,FALSE
pos_2536,"bleomycin,cisplatin,methotrexate",hemolytic-uremic syndrome,FALSE
pos_3657,valproate,"fatal,hepatotoxic effects",FALSE
pos_3056,ouabain,minor electrocardiographical changes,FALSE
negsent1_1353,propranolol,,FALSE
neg_106,retinoic acid,retinoic acid syndrome,FALSE
pos_874,"ifn,ribavirin","hyperpigmented skin,tongue lesions",FALSE
negsent1_1382,cytarabine,"pronounced in vitro virucidal activity against herpes viruses,successfully used in clinical treatment of severe herpesvirus infections,increased risk for development of disseminated herpesvirus infection,further depression of host defenses",FALSE
pos_100,"sodium biphosphate,sodium phosphate",hyperphosphatemia,FALSE
pos_3702,paracetamol,hepatotoxicity,FALSE
pos_1389,"busulfan,melphalan",fatal radiation myelopathy,FALSE
negsent1_9,thrombin,postoperative course,FALSE
negsent1_720,cis-platinum,,FALSE
negsent1_930,2-deoxycoformycin,,FALSE
negsent1_336,lithium,"clinical presentation,management",FALSE
pos_3034,psoralens,squamous cell carcinoma,FALSE
negsent1_579,vancomycin,osteomyelitis,FALSE
negsent1_283,"olanzapine,clozapine",impair whole-body insulin sensitivity,FALSE
pos_533,"metoclopramide,sertraline,venlafaxine","extrapyramidal movement disorders,serotonin syndrome",FALSE
pos_3432,bleomycin,lung toxicity,FALSE
pos_3420,adenosine,arrhythmia,FALSE
pos_2642,metoclopramide,parkinsonism,FALSE
pos_1197,interferon,"""cotton-wool"" spots,retinal abnormalities,retinal hemorrhage",FALSE
pos_496,quetiapine,agranulocytosis,FALSE
pos_3687,vasopressin,rhabdomyolysis,FALSE
pos_962,colchicine,myopathy,FALSE
negsent1_290,lithium,"bipolar disorder,bulimia",FALSE
negsent1_645,"losartan,losartan/hydrochlorothiazide,allopurinol,colchicine",,FALSE
negsent1_1125,interferon alfa,relapsed,FALSE
negsent1_1239,"phenol,percutaneous retrogasserian phenol injection",severe complications,FALSE
pos_3906,isoniazid,psychotic disorder,FALSE
pos_1666,phenytoin,"fever,maculopapular rashes",FALSE
pos_1025,doxorubicin,severe myelopathy,FALSE
pos_2762,vincristine,severe visual loss,FALSE
pos_867,fluvoxamine,schneiderian first-rank symptoms,FALSE
negsent1_1262,pegvisomant,"severe adverse drug reaction,frequent control of hepatic enzymes",FALSE
pos_1861,rituximab,delayed pulmonary toxicity,FALSE
pos_2639,ibuprofen,meningitis,FALSE
negsent1_560,"cyclophosphamide,mitoxantrone",minimal toxicity,FALSE
pos_2509,quinine,persistent light reactivity,FALSE
negsent1_1220,linezolid,"serious adverse events,withdrawal of linezolid",FALSE
negsent1_1240,carbamazepine,"intoxication,haemodialysis",FALSE
pos_3443,inh,neurotoxicity,FALSE
pos_1808,docetaxel,"chalazion,meibomian duct inflammation and blockage",FALSE
pos_174,ibuprofen,depressed level of consciousness,FALSE
pos_4192,methimazole,aplastic anemia,FALSE
pos_1328,pentamidine,"cardiotoxicity,second-degree heart block",FALSE
negsent1_516,"furosemide,bumetanide,torsemide",developed similar symptoms,FALSE
pos_738,"cytarabine,methotrexate","balint syndrome,posterior leukoencephalopathy",FALSE
neg_25,stavudine,hyperlactatemia,FALSE
pos_3051,amphotericin b,"acute toxic delirium,eeg abnormalities",FALSE
negsent1_1192,"quinine,quinine sulfate","positive photopatch test,reduction in the minimal erythema dose",FALSE
negsent1_1380,phenylpropanolamine,use,FALSE
pos_4157,propylthiouracil,antineutrophil cytoplasmic antibody-positive crescentic glomerulonephritis,FALSE
pos_4096,"bleomycin,vinblastine,vincristine","gangrene,severe raynaud's phenomenon",FALSE
pos_282,vigabatrin,visual field constriction,FALSE
neg_164,olanzapine,agranulocytosis,FALSE
pos_2172,etanercept,"mediastinal lymphadenopathy,pleurisy,thymic enlargement,thymic hyperplasia",FALSE
pos_1984,etanercept,cd,FALSE
pos_1232,"carbamazepine,dantrolene,oxybutynin",carbamazepine toxicity,FALSE
pos_3685,vasopressin,fatal rhabdomyolysis,FALSE
pos_3732,chop,supravenous hyperpigmentation,FALSE
negsent1_86,atomoxetine,manifestation of tics,FALSE
negsent1_1189,"valproic acid,allopurinol,captopril",cutaneous event,FALSE
negsent1_708,tolmetin,spurious effect,FALSE
pos_1767,"paradoxical,valproic acid",seizure exacerbation,FALSE
pos_2511,"doxorubicin,etoglucid,mitomycin c",hematologic malignancy,FALSE
pos_638,2-chlorodeoxyadenosine,aml,FALSE
pos_4170,pentasa,pancytopenia,FALSE
pos_3617,clonidine,"bradycardia,constipation,dry mouth,hypotension",FALSE
pos_2950,propranolol,esophageal spasm,FALSE
pos_2417,all-trans retinoic acid,"focal myositis,mononeuritis,synovitis",FALSE
pos_743,"rapammune,rapamycin,sirolimus,sr","hyperlipidemia,hypertension,infection,myelosuppression",FALSE
pos_1862,metoclopramide,neuroleptic malignant syndrome,FALSE
pos_3294,gold,"acne,lichen planus",FALSE
pos_2620,dextran,renal failure,FALSE
negsent1_1409,"cyclosporine,mycophenolate mofetil",,FALSE
pos_2614,vinblastine,hyponatremic episode,FALSE
pos_1848,capecitabine,headache,FALSE
pos_4139,"pancrease mt 16,viokase",vomiting,FALSE
pos_3753,cisplatin,colitis,FALSE
negsent1_1427,amiodarone,adverse reaction,FALSE
pos_1507,ifn-beta,inflammatory arthritis,FALSE
pos_116,infliximab,lymphoma,FALSE
pos_3047,ibuprofen,edema,FALSE
pos_553,tamoxifen,endometrial cancer,FALSE
pos_659,ticlopidine,aplastic anemia,FALSE
negsent1_767,"tacrolimus,prednisone,azathioprine",stabilized,FALSE
pos_3386,"methotrexate,mtx","bone marrow aplasia,severe skin rash",FALSE
negsent1_1003,"lithium,lithium heparine",,FALSE
pos_2512,cyclophosphamide,circumferential subglottic stenosis,FALSE
pos_3663,lithium,transient thyrotoxicosis,FALSE
negsent1_799,benzoin,"allergy,cross-reactions",FALSE
pos_3958,carbamazepine,pancreatitis,FALSE
pos_3325,propranolol,bronchospasm,FALSE
pos_4213,phosphate,progressive hypokalemia,FALSE
negsent1_854,cerivastatin,,FALSE
pos_2615,bleomycin,hyperpigmentation,FALSE
neg_37,sertraline,rhabdomyolysis,FALSE
pos_1317,anti-d igiv,dic,FALSE
negsent1_343,enalapril,,FALSE
pos_2585,mtx,hepatic decompensation,FALSE
pos_423,gemcitabine,labd,FALSE
pos_4189,tpa,vitreous hemorrhage,FALSE
pos_1954,glatiramer acetate,skin necrosis,FALSE
negsent1_722,"pilocarpine,cevimeline","dry mouth,xerostomia",FALSE
pos_1271,"cy,cyclophosphamide",severe lupus erythematosus,FALSE
pos_3459,benzarone,"cirrhosis,hepatotoxicity,(sub)fulminant hepatitis",FALSE
pos_3159,ccnu,pulmonary toxicity,FALSE
pos_1520,methotrexate,neurotoxicity,FALSE
pos_2573,doxorubicin,"acute encephalopathy,high-pressure hydrocephalus",FALSE
pos_1518,chloroquine,bilateral ptosis,FALSE
pos_2271,methotrexate,neurotoxicity,FALSE
pos_1099,levodopa,completely bald,FALSE
pos_2439,interferon,neuropsychiatric symptoms,FALSE
pos_307,fludarabine,"acute myeloid leukemia,lung cancer",FALSE
pos_1601,olanzapine,"diabetes,weight gain",FALSE
pos_163,nitrofurantoin,nitrofurantoin induced lung injury,FALSE
pos_2494,trimethoprim-sulfamethoxazole,hepatotoxicity,FALSE
pos_2781,streptokinase,thrombo-embolic complication,FALSE
negsent1_976,"lamotrigine,sertraline",psychiatric features,FALSE
pos_419,amprenavir,intracranial bleeding,FALSE
pos_4177,"cyclosporine,prednisone",nocardia asteroides brain abscess,FALSE
negsent1_968,aspirin,"sensitivity,challenge,desensitization,postmyocardial infarction",FALSE
pos_1287,cerivastatin,acute rhabdomyolysis,FALSE
pos_839,alpha interferon,multiple sclerosis-like disease,FALSE
pos_232,cyclosporine,"lethal,septicemia",FALSE
pos_1374,iron sucrose,systemic iron toxicity,FALSE
negsent1_203,"sulfadoxine-pyrimethamine,chloroquine","chloroquine resistance,malaria treatment",FALSE
pos_1716,fluoroquinolone,severe corneal toxicity,FALSE
pos_3072,aspirin,anicteric hepatitis,FALSE
pos_1838,recombinant human interferon-alpha,exacerbate psoriasis or trigger off its onset,FALSE
pos_4251,amiodarone,"thyrotoxicosis,thyrotropin-binding inhibiting immunoglobulin,transiently positive thyrotropin (tsh) receptor antibody",FALSE
pos_3978,procainamide,lupus syndrome,FALSE
negsent1_682,pemetrexed,chemotherapy,FALSE
negsent1_208,levothyroxine,"hypothyroidism,sub- and supratherapeutic levothyroxine dosages",FALSE
negsent1_1468,formalin,"bladder hemorrhage,radiation cystitis",FALSE
pos_934,ganciclovir,generalised cutaneous rash,FALSE
pos_1303,rifabutin,corneal endothelial deposits,FALSE
pos_1377,clioquinol,transient global amnesia,FALSE
pos_240,phenylbutazone,"serum sickness-like reactions,skin manifestations",FALSE
pos_3293,gold,acne,FALSE
pos_2388,amikacin,"hypocalcemia,hypomagnesemia,metabolic alkalosis,polyuria,refractory hypokalemia,severe renal tubular dysfunction",FALSE
pos_1735,corticosteroid,leishmania infantum leishmaniasis,FALSE
pos_2956,verapamil,cardiac decompensation,FALSE
pos_394,ticlopidine,pulmonary side effects,FALSE
negsent1_1287,troglitazone,prescribed with caution,FALSE
pos_698,capecitabine,allergic reactions,FALSE
pos_1569,paclitaxel,fatal pulmonary fibrosis,FALSE
pos_3390,chlormadinone acetate,withdrawal syndrome,FALSE
pos_4250,amiodarone,"thyrotoxicosis,thyrotropin receptor antibody",FALSE
pos_670,amiodarone,optic neuropathy,FALSE
pos_2940,nitroglycerin,"decrease in blood flow,increase in pulmonary artery pressure,increase in pulmonary vascular resistance",FALSE
pos_2215,sunitinib,acute interstitial nephritis,FALSE
pos_3790,metripranolol,bilateral granulomatous anterior uveitis,FALSE
pos_1588,aspirin,asthma,FALSE
pos_924,norethisterone,gestational diabetes,FALSE
pos_221,mitomycin c,hus,FALSE
pos_3168,cholestyramine,hyperchloremic metabolic acidosis,FALSE
negsent1_545,ciprofloxacin,adverse effects,FALSE
pos_2640,ibuprofen,meningitis,FALSE
pos_1429,"linezolid,chloramphenicol","dyserythropoietic anaemia,myelotoxicity",FALSE
pos_651,valproic acid,fvs,FALSE
pos_1516,chloroquine,bilateral ptosis,FALSE
pos_2132,hydroxyurea,"painful hand ulcer,skin cancers",FALSE
pos_2832,hdarac,"ataxia,dysarthria",FALSE
negsent1_856,heparin,discontinuation of heparin therapy,FALSE
pos_4142,valproate,symptomatic methemoglobinemia,FALSE
negsent1_531,fluoxetine,poor metabolism,FALSE
pos_1416,ritodrine hydrochloride,rhabdomyolysis,FALSE
pos_3314,digoxin,fatal ventricular fibrillation,FALSE
pos_2382,dasatinib,pleural effusions,FALSE
negsent1_1144,aminoglutethimide,"radiation therapy,painful bone metastasis",FALSE
pos_3508,mannitol,arf,FALSE
pos_949,methotrexate,"aphasia,left arm weakness,neurotoxicity",FALSE
pos_2231,chlorambucil,"acute renal failure,fever,hypereosinophilia,skin rash",FALSE
pos_3615,clonidine,bradycardia,FALSE
negsent1_1198,tigecycline,adverse effect,FALSE
pos_509,g-csf,"neutrophilic dermatoses,skin eruptions",FALSE
pos_2800,methotrexate,erosion of psoriatic plaques,FALSE
pos_2142,gabapentin,renal impairment,FALSE
pos_4045,sodium bisulfite,contact dermatitis,FALSE
negsent1_1113,progestin,"absence of hyperplasia,squamous metaplasia",FALSE
negsent1_606,posaconazole,trichosporonosis,FALSE
pos_2503,mp,transient renal failure,FALSE
pos_1158,"interferon-alpha,interleukin-2",progressive anemia,FALSE
pos_182,methotrexate,lung cancer,FALSE
negsent1_804,haloperidol,control,FALSE
negsent1_748,minoxidil,deaths,FALSE
pos_305,colchicine,colchicine intoxication,FALSE
negsent1_1471,"olanzapine,lorazepam",akathisia,FALSE
pos_1609,warfarin,"diplopia,discomfort,haematoma,lagophthalmos",FALSE
pos_1621,gemcitabine,"myositis,radiation recall dermatitis",FALSE
pos_3942,acetohexamide,"confusion,head trauma,systemic hypoglycemic reaction",FALSE
negsent1_664,"clarithromycin,carbamazepine,carbamazepine-10,11-epoxide",discontinuation,FALSE
negsent1_542,"interferon alpha,ribavirin","combination therapy,previous treatment by interferon alpha",FALSE
pos_1234,captopril,pemphigus,FALSE
negsent1_977,carbamazepine,,FALSE
pos_4168,clozapine,rhabdomyolysis,FALSE
negsent1_792,lithium,renal failure,FALSE
pos_2743,adrenocorticotropic hormone,hyperkalemia,FALSE
pos_2121,citalopram,"chest tightness,dizziness",FALSE
neg_60,cyclosporin,cholelithiasis,FALSE
pos_3965,mtx,pneumonitis,FALSE
pos_1563,dipyrone,granulocytopenia,FALSE
pos_3445,inh,neurotoxicity,FALSE
negsent1_1408,metamizole,pain,FALSE
pos_3779,albendazole,"abdominal pain,fever,worsening diarrhea",FALSE
negsent1_231,dobutamine,,FALSE
pos_2548,cisplatin,acute coronary events,FALSE
pos_858,enoxaparin,generalized exanthem,FALSE
pos_2224,ifn-alpha,graves' disease,FALSE
pos_2064,itraconazole,fatal hepatitis,FALSE
pos_976,"1,24(oh)2d3,thiazide,vitamin d3",hypercalcemia,FALSE
negsent1_692,"theophylline,zafirlukast",areas under the curve,FALSE
pos_3669,foscarnet,"electrolyte disorders,severe hypomagnesemia",FALSE
pos_2248,"etanercept,insulin,meglitinides,sulfonylureas","hypoglycemia,hypoglycemia",FALSE
negsent1_259,lenalidomide,recovery of normal hematopoiesis,FALSE
pos_3207,verapamil,sustained hypotension,FALSE
negsent1_609,tranexamic acid,intrathecal injection,FALSE
neg_92,mtx,"cirrhosis,death",FALSE
pos_2124,methylprednisolone,"seizures,transient blindness",FALSE
pos_3332,methotrexate,progressive interstitial lung disease,FALSE
pos_3628,magnesium sulfate,lactogenesis,FALSE
pos_3403,cisplatin,anaphylactoid reactions,FALSE
pos_1375,clioquinol,acute amnestic episode,FALSE
pos_2200,flunitrazepam,acute ischaemia of the left leg,FALSE
negsent1_117,olanzapine,dementia with behavioral disturbance and psychosis,FALSE
pos_3877,fludarabine,dat became positive with anti-igg and anti-c3d antiglobulins,FALSE
pos_2194,heparin,thrombocytopenia,FALSE
negsent1_115,olanzapine,,FALSE
pos_3000,rifampicin,renal failure,FALSE
negsent1_435,"capecitabine,diltiazem","headache,radiation therapy",FALSE
pos_4036,danazol,"gingival bleeding,purpura",FALSE
negsent1_1301,"imiquimod,topical imiquimod,cryotherapy",superficial basal cell carcinomata,FALSE
pos_2362,linezolid,"acute interstitial nephritis,dress,drug rash with eosinophilia and systemic symptoms",FALSE
pos_1591,statin,myasthenic syndrome,FALSE
pos_3264,"cefoxitin,gentamicin",acute tubular necrosis,FALSE
pos_4095,bleomycin,"acral necrosis,raynaud's phenomenon",FALSE
pos_3904,amiodarone,thyrotoxicosis,FALSE
pos_139,pyridostigmine,rippling phenomena worsened,FALSE
negsent1_614,phenytoin,deterioration,FALSE
negsent1_1450,"brompheniramine,dextromethorphan",,FALSE
negsent1_32,thalidomide,peripheral neuropathy,FALSE
pos_3679,acyclovir,neurotoxicity,FALSE
pos_3559,"5-fu,levamisole,warfarin",increase of inr,FALSE
negsent1_1068,venlafaxine,major depression,FALSE
pos_1007,pantoprazole,ain,FALSE
pos_2059,anastrozole,renal injury,FALSE
pos_3495,gentamicin,acute renal failure,FALSE
pos_1338,interferon,"macular edema,retinopathy",FALSE
pos_1944,clozapine,tardive ogc,FALSE
pos_938,fk506,renal tubular acidosis,FALSE
pos_2448,hydroxychloroquine,retinal toxicity,FALSE
pos_3956,cephalexin,rash,FALSE
pos_2889,nicotinic acid,fulminant hepatic failure,FALSE
pos_2518,cyproterone acetate,abnormal liver function tests,FALSE
negsent1_1448,leflunomide,pulmonary-renal syndrome,FALSE
pos_1145,disulfiram,fulminant hepatic failure,FALSE
pos_574,interferon-beta,minimal change nephrotic syndrome,FALSE
neg_109,clozapine,serotonin syndrome,FALSE
negsent1_430,theophylline,,FALSE
negsent1_818,"epinephrine,topical 1:1000 epinephrine",endoscopic sinus surgery,FALSE
negsent1_642,"verapamil,intravenous verapamil,intravenous beta-blocking agents",contraindication,FALSE
pos_861,cefuroxime,immune hemolysis,FALSE
pos_2102,vrc,angio-oedema,FALSE
pos_1634,temozolomide,"brain abscess with listeria monocytogenes,cutaneous kaposi's sarcoma,immunosuppression,infections with pneumocystis jiroveci pneumonia,t-cell lymphocytopenia",FALSE
pos_3844,"magnesium sulfate,mgso4","neuromuscular blockade,potentiation of muscle relaxants",FALSE
pos_3733,chop,supravenous hyperpigmentation,FALSE
pos_1034,"chloroquine,quinacrine","maculopathy,severe maculopathy",FALSE
pos_2753,lorazepam,paradoxical precipitation of tonic seizures,FALSE
pos_3219,cimetidine,fever,FALSE
pos_884,cbz,sle,FALSE
negsent1_761,tamoxifen,,FALSE
negsent1_311,tobramycin,"adverse drug reaction,improvement after discontinuation",FALSE
negsent1_787,"cyclosporine,intravenous cyclosporine",,FALSE
pos_728,gabapentin,status epilepticus,FALSE
pos_2716,isotretinoin,"excessive glare sensitivity,poor night vision",FALSE
pos_4236,vinorelbine,siadh,FALSE
negsent1_217,acenocoumarol,returned home after 10 days without sequelae,FALSE
neg_102,valproate,camptocormia,FALSE
negsent1_119,lithium,"acute renal failure,lithium toxicity",FALSE
pos_274,"cilastatin,imipenem",proconvulsive,FALSE
negsent1_352,"calcitonin,salmon calcitonin",osteomuscular diseases,FALSE
pos_2004,4-chloro-7-nitrobenzofurazan,allergic contact dermatitis,FALSE
pos_345,5-fu,ectropion,FALSE
pos_2534,alum,aluminum toxicity,FALSE
pos_1919,"colchicine,statin",myopathy,FALSE
pos_2809,calcium hopantenate,fatal acute encephalopathy,FALSE
pos_424,gemcitabine,linear immunoglobulin a bullous dermatosis,FALSE
pos_84,cyclophosphamide,human teratogen,FALSE
negsent1_764,"interferon beta 1a,interferon,interferon beta 1b",,FALSE
negsent1_1284,dofetilide,"proarrhythmic effects,acute severe ischemia",FALSE
pos_810,sasp,"atypical lymphocytosis,high fever,liver dysfunction,skin rash",FALSE
pos_761,clozapine,akathisia,FALSE
pos_1845,"bleomycin,cisplatin,etoposide",localized pigmentation,FALSE
pos_322,nevirapine,sjs,FALSE
pos_1298,vancomycin,csfe,FALSE
pos_2677,mianserin,panic anxiety,FALSE
pos_820,ifnalpha,focal segmental glomerulosclerosis,FALSE
pos_91,losartan,angioedema,FALSE
pos_2467,ivig,acute renal failure,FALSE
pos_3681,acyclovir,"central nervous system side effects,neurotoxicity",FALSE
pos_1988,cyproterone acetate,severe hepatocellular dysfunction,FALSE
pos_1912,erlotinib,pulmonary toxicity,FALSE
pos_1229,rofecoxib,lower gastrointestinal symptoms,FALSE
pos_603,levofloxacin,ten,FALSE
pos_2286,octreotide,prolonged hypoglycemia,FALSE
negsent1_797,desipramine,symptoms disappeared,FALSE
pos_2826,gold,bilateral interstitial pulmonary abnormalities,FALSE
pos_193,fluoxetine,death,FALSE
pos_4133,flutamide,"flutamide withdrawal syndrome,prolonged prostate-specific antigen response",FALSE
pos_1584,cloxacillin,"hypersensitivity,ige-mediated allergic reactions",FALSE
negsent1_755,etanercept,granulomatous reactions,FALSE
pos_2137,temozolomide,disseminated salmonellosis,FALSE
pos_3185,scopolamine,unilateral acute angle-closure glaucoma,FALSE
pos_888,heparin,"acute renal failure,hat,recurrent arteriothromboses,thrombocytopenia",FALSE
neg_83,methysergide,migraine headaches,FALSE
pos_580,lansoprazole,thrombocytopenia,FALSE
pos_3011,methotrexate,hepatotoxicity,FALSE
pos_1144,disulfiram,fulminant hepatic failure,FALSE
pos_3270,"disopyramide,quinidine,amiodarone","arrhythmia,atypical ventricular tachycardia,torsade de pointes",FALSE
pos_4081,heroin,stroke,FALSE
pos_1575,phenol,acute unilateral total visual loss,FALSE
pos_1164,warfarin,hypersensitivity,FALSE
neg_14,"ifn,ifn-beta-1b",nephrotic syndrome,FALSE
pos_3614,mmc,"hus,massive pulmonary bleeding",FALSE
pos_3329,propranolol,central nervous system disturbances,FALSE
pos_462,amphotericin b,seizures,FALSE
pos_2830,hdarac,cerebellar toxicity,FALSE
pos_396,ticlopidine,interstitial pulmonary disease,FALSE
pos_283,vigabatrin,visual field loss,FALSE
negsent1_1226,tigecycline,treatment of a complicated skin and skin-structure infection,FALSE
negsent1_1037,"carboplatin,cisplatin,steroids","administration,desensitization",FALSE
pos_1370,imiquimod,verrucous plaque,FALSE
pos_3233,disulfiram,catatonia,FALSE
pos_3810,lithium,"cdi,ndi",FALSE
pos_3760,captopril,pseudocholangitis,FALSE
negsent1_816,"fluvoxamine,milnacipran,imipramine",changes in alpha(1)-adrenoceptor occupancy by endogenous norepinephrine,FALSE
pos_1196,"interferon,interferon alpha",vogt-koyanagi-harada disease,FALSE
negsent1_102,aspirin,,FALSE
pos_2646,"cyclophosphamide,indomethacin",acute hyponatraemia,FALSE
pos_2409,"calcium polystryrene sulfonate,kalimate",colonic mucosal necrosis,FALSE
pos_742,"rapamycin,sirolimus,sr","pneumonitis,pulmonary infiltrate",FALSE
pos_449,rofecoxib,decline in glomerular filtration rate,FALSE
pos_3106,captopril,acute renal failure,FALSE
negsent1_84,"dapsone,systemic corticosteroids,topical emollient",,FALSE
negsent1_1190,"prednisone,steroid preparations",intradermal testing,FALSE
negsent1_285,insulin,blood glucose determinations,FALSE
pos_1410,irbesartan,"angio-oedema,hypotensive shock",FALSE
pos_2501,calcineurin,severe aphthous stomatitis,FALSE
pos_88,losartan,angioedema,FALSE
pos_1026,doxorubicin,toxic myelopathy,FALSE
pos_2470,vancomycin,anaphylactic reaction,FALSE
negsent1_1232,"theophylline,steroids",,FALSE
neg_133,cyclosporine,nephrotoxicity,FALSE
pos_3059,sulindac,isolated idential sensory neuropathy,FALSE
pos_3132,disulfiram,toxic hepatitis,FALSE
pos_1447,venlafaxine,ui,FALSE
pos_3938,gnrh-a,thrombosis,FALSE
pos_3653,sweet spirits of nitre,sudden death,FALSE
pos_2332,olanzapine,priapism,FALSE
negsent1_223,sodium phenylbutyrate,therapy,FALSE
pos_3575,celiprolol,hypersensitivity pneumonitis,FALSE
negsent1_704,methotrexate,toxicity,FALSE
pos_2888,phenytoin,"fever,hypersensitivity reactions,lymphadenopathy,rash",FALSE
pos_4132,"flutamide,flutamide","decrease in prostate-specific antigen,flutamide withdrawal syndrome",FALSE
negsent1_991,levothyroxine,loss of therapeutic control,FALSE
neg_84,methanol,visual impairment,FALSE
pos_63,brimonidine,"lethargic,poorly responsive",FALSE
pos_72,arsenic trioxide,"decrease in the d-dimers,slight decrease in peripheral blood leukocytes",FALSE
pos_2527,disulfiram,hepatitis,FALSE
negsent1_1432,"cyclosporine,methotrexate",,FALSE
negsent1_1010,tegaserod,"warning letter to physicians,change in the prescription labeling",FALSE
pos_1580,"ifn beta,interferon-beta",hepatotoxicity,FALSE
pos_2759,allopurinol,hypersensitivity,FALSE
pos_3533,danazol,acute pancreatitis,FALSE
pos_2576,phenobarbital,severe hepatotoxicity,FALSE
pos_3982,"magnesium,magnesium sulfate",magnesium toxicosis,FALSE
pos_4072,methyldopa,liver injury,FALSE
pos_3737,phenytoin,phenytoin toxicity,FALSE
negsent1_498,"heparin,low-molecular-weight heparin","spontaneous hemothorax,pulmonary embolism",FALSE
negsent1_1214,ritodrine,clinical symptoms,FALSE
pos_2135,ciprofloxacin,"sjs,vbds",FALSE
pos_2848,captopril,lichen planus pemphigoides,FALSE
negsent1_554,efavirenz,adverse effects,FALSE
pos_1223,atra,scrotal ulcer,FALSE
pos_294,bleomycin,acral vascular toxicity,FALSE
pos_1405,propofol,pancreatitis,FALSE
pos_1216,ziprasidone,tardive dyskinesia,FALSE
pos_3551,phenylpropanolamine,methemoglobinemia,FALSE
pos_819,interferon-alpha,focal segmental glomerulosclerosis,FALSE
negsent1_1451,prothrombin complex concentrate,treatment of active bleeding in haemophiliacs with inhibitors,FALSE
pos_542,warfarin,hematochezia,FALSE
pos_676,rifabutin,side-effect on retinal function,FALSE
pos_1803,"citalopram,fentanyl",serotonin syndrome,FALSE
pos_2841,cyclosporine a,herpes simplex esophagitis,FALSE
negsent1_1343,"phenelzine,haloperidol",,FALSE
pos_1482,gemcitabine,radiation recall,FALSE
pos_3838,loperamide,loperamide poisoning,FALSE
pos_1524,l-dopa,dyskinesias,FALSE
pos_1440,sirolimus,hepatotoxicity,FALSE
pos_4270,clozapine,eosinophilia,FALSE
pos_1082,"dimethyl sulfoxide,dmso",eosinophilic cystitis,FALSE
pos_1096,clozapine,sudden death,FALSE
pos_1629,pegvisomant,"hepatic enzyme disturbances,hepatitis",FALSE
negsent1_1274,phenytoin,"pain,discoloration,edema",FALSE
pos_1470,penicillin,"chills,feeling cold,worsening headache",FALSE
negsent1_1099,"sunitinib,interleukin-2,interferon-alpha2a,vinorelbine,gemcitabine,capecitabine,oral sunitinib","nephrectomy,disease progression",FALSE
pos_1274,tacrolimus,oral mucosa pigmentation,FALSE
negsent1_566,venlafaxine,adverse effects,FALSE
pos_3684,tryptophan,eosinophilia myalgia syndrome,FALSE
pos_1466,"azathioprine,prednisone","diabetes mellitus,exocrine pancreatic insufficiency",FALSE
pos_3346,pas,hypoglycaemia,FALSE
pos_3387,methotrexate,"bone marrow aplasia,severe skin rash",FALSE
pos_2726,decadron,cataracts,FALSE
pos_1445,capecitabine,multifocal leukoencephalopathy,FALSE
pos_183,cocaine,refractory coronary vasospasm,FALSE
pos_3530,danazol,acute pancreatitis,FALSE
negsent1_504,"penicillamine,corticosteroid",,FALSE
pos_993,minocycline,cutaneous hyperpigmentation,FALSE
negsent1_646,paracetamol,,FALSE
negsent1_1329,itraconazole,hepatic injury,FALSE
pos_1598,hcq,torsade de pointes,FALSE
negsent1_394,"calcitonin,salmon calcitonin","skin prick test,intramuscular challenge test",FALSE
pos_380,"lansoprazole,omeprazole,pantoprazole",pheripheral edema,FALSE
pos_621,epoprostenol,erythroderma,FALSE
pos_2209,amantadine,corneal edema,FALSE
negsent1_1453,methotrexate,intramuscular injections,FALSE
pos_3093,methyl g: calgb,severe neurotoxicity,FALSE
pos_1864,pge1,gastric mucosa foveolar hyperplasia,FALSE
pos_2327,sertraline,rhabdomyolysis,FALSE
negsent1_783,adenosine,"acceleration of ventricular response,emergent cardioversion",FALSE
pos_1450,alpha interferon,hypothyroidism,FALSE
negsent1_16,nitrofurantoin,"dysuria,enterococcus isolated from urine culture",FALSE
pos_872,interferon-alpha,hyperpigmentation,FALSE
pos_1182,"fluoxetine,sertraline","itch,skin rash",FALSE
pos_3006,gold,nephropathy,FALSE
pos_3035,propranolol,"diabetic coma,hyperglycemia",FALSE
pos_2107,methylphenidate,enuresis,FALSE
negsent1_1254,"triamcinolone,intravitreal triamcinolone",choroidal neovascularization,FALSE
pos_131,citalopram,"8-hydroacy-desmethylclomipramine plasma level decrease,desmethylclomipramine plasma level increase",FALSE
pos_1537,ifosfamide,ncse,FALSE
negsent1_750,cisplatin,,FALSE
negsent1_883,"enalapril,steroid",,FALSE
pos_2517,cyproterone acetate,severe acute hepatitis,FALSE
pos_1339,ifn,"decreased vision,macular edema",FALSE
negsent1_45,"methotrexate,oral corticosteroids",chronic severe asthma,FALSE
negsent1_199,"lithium,lithium therapy",clinical-electroencephalographic recovery,FALSE
pos_1581,ifn beta,"hepatitis,liver injury",FALSE
negsent1_625,sunitinib,"dialysis,synergistic side effects",FALSE
pos_4026,"carbamazepine,clarithromycin","ataxia,dizziness,drowsiness,toxic symptoms",FALSE
pos_567,"interferon alfa,ribavirin",sarcoidosis,FALSE
pos_3610,morphine,"hypertension,intracerebral hemorrhage,respiratory failure,status epilepticus",FALSE
negsent1_1150,clozapine,eosinophilia,FALSE
pos_2747,valproate,camptocormia,FALSE
pos_1387,risperidone,increased mood symptoms,FALSE
negsent1_1007,propafenone,absence of recurrence,FALSE
negsent1_681,salsalate,,FALSE
negsent1_1088,tacrolimus,therapy,FALSE
pos_1166,"5-fluorouracil,5-fu",peripheral neuropathy,FALSE
pos_395,ticlopidine,pulmonary symptoms,FALSE
negsent1_561,aspirin,juvenile rheumatoid arthritis,FALSE
pos_2240,tdf,"irreversible renal failure,rickets",FALSE
pos_1769,bevacizumab,infectious endophthalmitis,FALSE
negsent1_515,leflunomide,commenced taking leflunomide,FALSE
negsent1_1250,"homochlorcyclizine hydrochloride,calcium stearate",lymphocyte stimulation test,FALSE
negsent1_1055,"alendronate,alendronate sodium",treated,FALSE
pos_3415,interferon alfa,anterior ischemic optic neuropathy,FALSE
pos_982,dgtx,"cardiac dgtx toxicity,total av-block",FALSE
negsent1_72,"colchicine,grapefruit juice","high doses,viral upper respiratory tract infection",FALSE
pos_3513,quinapril,irritating cough,FALSE
pos_3310,vincristine,"bilateral acoustic (viii) nerve palsy,neurotoxicity",FALSE
pos_199,nimesulide,renal insufficiency,FALSE
pos_272,"cilastatin,imipenem",neutropenic fever,FALSE
pos_1636,topiramate,angle-closure glaucoma,FALSE
pos_3646,clofazimine,abdominal pain,FALSE
pos_801,isoniazid,anaphylaxis,FALSE
pos_3130,cyclophosphamide,"lung disease,respiratory insufficiency",FALSE
pos_1683,"5-fluorouracil,leucovorin,oxaliplatin",hemolytic-uremic syndrome,FALSE
pos_287,ifn-alpha,changes in serotonergic or noradrenergic neurotransmission,FALSE
pos_1890,azathioprine,vod,FALSE
pos_2491,tmp-smx,"acute liver toxicity,liver toxicity",FALSE
negsent1_1062,mesalazine,,FALSE
pos_103,diphenylhydantoin,gingival hyperplasia,FALSE
negsent1_951,diphenylhydantoin,"withdrawal of diphenylhydantoin,porphyrin precursor excretion",FALSE
pos_2946,ampicillin,acute exacerbations,FALSE
pos_4143,"depakote,divalproex sodium",symptomatic methemoglobinemia,FALSE
pos_1376,clioquinol,"retrograde amnesia,transient global amnesia",FALSE
pos_309,lithium carbonate,incontinence,FALSE
pos_1784,"fluvoxamine,milnacipran",piloerection,FALSE
pos_4141,"creon 10,pancrease mt 16,viokase",vomiting,FALSE
pos_2067,baclofen,impair sexual function,FALSE
pos_3447,"inh,isoniazid",neurotoxicity,FALSE
pos_1899,rifampin,hypothyroidism,FALSE
negsent1_391,lithium,serum calcium concentrations,FALSE
pos_3746,methotrexate,nodules,FALSE
pos_2053,l-asparaginase,posterior reversible encephalopathy,FALSE
pos_1037,phenylpropanolamine,cerebral infarcts,FALSE
negsent1_1489,cyclosporine,,FALSE
negsent1_1143,rituximab,,FALSE
negsent1_1051,calcitonin,skin prick test,FALSE
negsent1_1022,heparin,"thrombocytopenia,hemorrhagic complications",FALSE
pos_1452,recombinant alpha interferon,thyroid dysfunction,FALSE
pos_3090,gold,neuropathy,FALSE
pos_1874,"recombinant human interferon gamma,rifn-gamma","sle,systemic lupus erythematosus",FALSE
pos_1633,"amb,amphotericin b","anaemia,fever,hypokalaemia,malaise,renal impairment",FALSE
pos_4232,mtx,overwhelming hepatic necrosis,FALSE
pos_29,calcipotriol,irritant type of reaction,FALSE
pos_2955,hydrochlorothiazide,chronic photosensitivity,FALSE
negsent1_1360,"lithium,steroid",nephrotic syndrome,FALSE
pos_1226,clozapine,seizures,FALSE
pos_1857,bortezomib,severe paralytic ileus,FALSE
pos_2796,benzocaine,methemoglobinemia,FALSE
pos_4144,"mitomycin c,mmc","hemolytic anemia,hemolytic uremic syndrome,progressive renal failure,thrombocytopenia",FALSE
pos_1404,captopril,pulmonary infiltrates with eosinophilia,FALSE
neg_1,clozapine,serotonin syndrome,FALSE
pos_941,fk506,rta,FALSE
negsent1_194,carboplatin,"desensitization failure,primary peritoneal cancer",FALSE
neg_120,tmp-smx,hepatotoxicity,FALSE
negsent1_727,infliximab,,FALSE
negsent1_1175,risperidone,therapy,FALSE
pos_2557,diazepam,withdrawal symptoms,FALSE
pos_935,ganciclovir,"skin rash,splinter hemorrhages",FALSE
pos_3947,amiodarone,nonsustained polymorphous ventricular tachycardia,FALSE
pos_623,epoprostenol,"fever,nausea,rapidly progressive erythema,scaling,vomiting",FALSE
pos_1430,fluoxetine,eye movements in nonrapid eye movement (nrem) sleep,FALSE
negsent1_1077,glipizide,hypoglycemia,FALSE
negsent1_1223,"sulfamethoxazole,trimethoprim,trimethoprim-sulfamethoxazole double strength",treatment,FALSE
pos_516,methanol,central blindness,FALSE
pos_910,carbamazepine,systemic lupus erythematosus,FALSE
negsent1_1073,"interferon alfa,ribavirin,interferon alfa injections","once-weekly injections,superior antiviral efficacy",FALSE
negsent1_1490,"carbamazepine,olanzapine,trazodone","bipolar disorder,insomnia",FALSE
pos_1612,carbamazepine,angioedema,FALSE
pos_1895,etoposide,pulmonary toxicity,FALSE
pos_3163,"busulfan,melphalan",additive pulmonary toxicity,FALSE
pos_1489,calcium hydroxylapatite,"granulomatous reaction,urethral prolapse",FALSE
pos_1918,"glypressin,terlipressin",skin necrosis,FALSE
pos_3307,ampicillin,diarrhea,FALSE
negsent1_410,phenytoin,intoxication,FALSE
negsent1_721,"morphine,nebulised morphine",respiratory depression,FALSE
pos_1958,amiodarone,hypothyroidism,FALSE
negsent1_620,levothyroxine,hypothyroidism,FALSE
pos_3538,promethazine,coma,FALSE
pos_483,scopolamine,anisocoria,FALSE
pos_1305,rifabutin,corneal endothelial deposits,FALSE
pos_3789,metipranolol,granulomatous anterior uveitis,FALSE
pos_2936,protamine,type i anaphylaxis,FALSE
pos_2579,sulpiride,tardive dyskinesia,FALSE
negsent1_739,lenalidomide,"improvement in symptoms and oxygenation,recurrence of symptoms",FALSE
negsent1_937,lorcainide,,FALSE
pos_4153,g-csf,monocytosis,FALSE
negsent1_1348,"carbimazole,broad-spectrum antibiotic",neutropenic sepsis,FALSE
negsent1_607,"sargramostim,chemotherapy",,FALSE
pos_426,gemcitabine,"symmetric, bullous, herpetiform eruption",FALSE
pos_2487,adalimumab,"extreme hyperferritinemia,fever,pancytopenia,splenomegaly",FALSE
negsent1_760,fluvoxamine,,FALSE
pos_2668,ibuprofen,gastrointestinal adverse reactions,FALSE
negsent1_848,anastrozole,"dosing adjustment,renal dysfunction",FALSE
pos_32,pravastatin,myotonia,FALSE
neg_150,carbimazole,"sepsis,neutropenic sepsis",FALSE
pos_4137,prednisone,anaphylactic reaction,FALSE
negsent1_981,clozapine,"serotonin syndrome,clozapine withdrawal",FALSE
pos_900,"sulfasalazine,sulfasalazine","lung disorder,ulcerative colitis",FALSE
pos_137,valproate,hypotension,FALSE
negsent1_1461,"acarbose,regular insulin",hospitalization,FALSE
pos_1109,dorzolamide,choroidal detachment,FALSE
negsent1_1404,"lacosamide,gabapentin,topiramate,zonisamide",suicide attempt,FALSE
pos_514,mefloquine,"acute lung injury,diffuse alveolar damage",FALSE
pos_1669,lamotrigine,localized purpura,FALSE
pos_1425,levodopa,augmentation,FALSE
pos_1354,lansoprazole,collagenous colitis,FALSE
pos_593,zuclopenthixol,priapism,FALSE
pos_620,fludarabine,interstitial pneumonitis,FALSE
pos_360,oxaliplatin,dermnatitis,FALSE
pos_2068,baclofen,sexual dysfunction,FALSE
pos_578,lansoprazole,"thrombocytopenia,thrombocytopenic",FALSE
pos_3671,cph82,interference with the cortisol axis,FALSE
pos_1388,risperidone,"depression,psychosis",FALSE
pos_1056,phenobarbital,maladaptive behaviors,FALSE
pos_2996,benzodiazepine,spindle coma,FALSE
pos_1009,finasteride,anterior subcapsular opacity on the lens,FALSE
pos_3540,metronidazole,"amebic abscess of the spleen,neurotoxicity",FALSE
pos_3786,fluticasone propionate,growth and adrenal suppression,FALSE
pos_1131,imatinib mesylate,blast crisis,FALSE
pos_1168,cap,neurotoxicity,FALSE
pos_1240,thalidomide,sensorimotor axonal neuropathy,FALSE
pos_2027,atomoxetine,tics,FALSE
negsent1_429,"propafenone,citalopram",propafenone adverse effects,FALSE
pos_2932,"sulfamethoxazole,trimethoprim","colitis,pseudomembranous colitis",FALSE
neg_134,d-penicillamine,mammary gigantism,FALSE
pos_2864,penicillamine,worsening of neurologic syndrome,FALSE
pos_3379,atovaquone,vortex keratopathy,FALSE
pos_2264,methylphenidate,"acute cardiomyopathy,pericarditis",FALSE
pos_1422,levodopa,restless legs syndrome,FALSE
pos_3081,"accutane,isotretinoin",acute myopia,FALSE
pos_4075,morphine,respiratory depression,FALSE
pos_2770,niacin,"cystoid maculopathy,visual symptoms",FALSE
pos_352,meloxicam,ischaemic colitis,FALSE
pos_4154,chlorambucil,balanced translocation,FALSE
pos_725,brimonidine,paradoxical effect,FALSE
negsent1_1295,"olanzapine,thiazide,hydrochlorothiazide",myelodysplasia,FALSE
negsent1_152,"budesonide,dermocorticosteroids",allergy,FALSE
negsent1_1439,gemcitabine,"toxicity,radiation",FALSE
pos_2630,fluoxetine,"constant pacing,marked anxiety,purposeless movements of the feet and legs,restlessness",FALSE
negsent1_765,phenytoin,nystagmus,FALSE
pos_4235,vinorelbine,"hypokalemia,siadh",FALSE
pos_3258,penicillamine,lupus erythematosus,FALSE
pos_1193,verapamil,exacerbation in myasthenic weakness,FALSE
pos_3065,"haloperidol,lithium","hyperpyrexia,irreversible tardive dyskinesia,mutism,severe rigidity",FALSE
pos_4171,pentasa,"diarrhea,fever,malaise,nausea",FALSE
pos_1204,"methotrexate,mtx",epstein-barr virus (ebv)-associated polyclonal b cell lymphoproliferative disorder,FALSE
negsent1_448,"levamisole,corticosteroid",discontinuation of treatment,FALSE
pos_3928,colchicine,corneal ulcers refractory to conventional treatment,FALSE
pos_735,mtx,allergy,FALSE
pos_2593,acyclovir,"fever,pleural effusion,pulmonary infiltrates",FALSE
pos_3670,foscarnet,"anxiety,muscle twitches,tremulousness",FALSE
negsent1_30,"cisplatin,calcium channel blocking agent","coronary angiography,chemotherapy",FALSE
negsent1_575,sulfamethoxazole,"pseudomembranous colitis,spinal cord injury",FALSE
pos_510,liothyronine,hyperthyroidism,FALSE
pos_3464,sodium warfarin,"myonecrosis,necrotizing fasciitis",FALSE
pos_560,itraconazole,vanishing bile duct syndrome,FALSE
neg_172,prostaglandin e1,antral hyperplasia,FALSE
pos_3486,tamoxifen,ovarian endometrioid carcinoma,FALSE
negsent1_659,lithium,periodic catatonia,FALSE
negsent1_1421,"ritonavir,ritonavir-boosted antiretroviral regimens",interaction,FALSE
negsent1_1061,mizoribin,,FALSE
neg_36,olanzapine,hyperglycemia,FALSE
pos_3078,penicillamine,optic neuropathy,FALSE
pos_3230,chlorpropamide,intrahepatic cholestasis,FALSE
pos_3041,bromocryptine,lost vision,FALSE
negsent1_1335,acyclovir,"disseminated primary herpes simplex infections,maternal varicella pneumonia",FALSE
pos_963,colchicine,myopathy,FALSE
negsent1_1019,"aripiprazole,olanzapine",exacerbated the problem,FALSE
pos_979,2-cda,"immunodeficiency,secondary neoplasms",FALSE
pos_4074,morphine,"bradypneic,hypotensive",FALSE
pos_2242,piroxicam,ulcers,FALSE
pos_1996,tobramycin sulfate,exfoliative dermatitis,FALSE
pos_599,metamizole,agranulocytosis,FALSE
pos_57,insulin,"angioedema,severe urticaria,wheezing",FALSE
pos_4208,niacin,"hyperalgesia of sensory nerve receptors,pain to the teeth,potentiation of inflammation in the gingiva,prostaglandin-mediated vasodilatation",FALSE
pos_1685,"clozapine,phenothiazines","agranulocytosis,neutropenia",FALSE
negsent1_1027,retinoic acid,"inducing remission,acute promyelocytic leukemia",FALSE
pos_173,ibuprofen,ibuprofen intoxication,FALSE
negsent1_593,"amiodarone,meglumine antimoniate",torsades de pointes,FALSE
pos_2964,heparin,"hyperkalemia,skin necrosis,thrombocytopenia",FALSE
pos_400,succinylcholine,fatal hyperkalemia,FALSE
pos_2890,nicotinic acid,fulminant hepatic failure,FALSE
pos_619,fludarabine,"pulmonary nodules,pulmonary toxicity",FALSE
pos_1473,rituximab,"ards,severe pulmonary symptoms",FALSE
pos_2274,cyclosporine,cips,FALSE
pos_2466,immunoglobulin,acute renal failure,FALSE
pos_818,ifnalpha,renal abnormalities,FALSE
pos_3427,fluvoxamine,akathisia,FALSE
negsent1_1385,troglitazone,frequent monitoring of serum aminotransferases,FALSE
pos_1942,adenosine,sustained monomorphic ventricular tachycardia,FALSE
pos_3590,"ddi,didanosine",fulminant hepatic failure,FALSE
pos_408,methylprednisolone,psychotic reaction,FALSE
pos_1318,anti-d igiv,"acute hemoglobinemia,dic,hemoglobinuria",FALSE
pos_2754,methylprednisolone,atrial fibrillation,FALSE
pos_1127,imatinib,blast crisis,FALSE
pos_851,risperidone,obsessive-compulsive symptoms,FALSE
negsent1_1292,ethylenediamine,,FALSE
negsent1_276,metoclopramide,symptoms,FALSE
pos_1700,zoledronic acid,severe unilateral posterior scleritis,FALSE
pos_4116,methanol,"methanol intoxication,putaminal infarct",FALSE
pos_1228,rofecoxib,colitis,FALSE
pos_748,6-thioguanine,hepatotoxicity,FALSE
pos_3661,lithium,thyroid dysfunctions,FALSE
pos_812,"salazosulfapyridine,sasp",infectious mononucleosis-like syndrome,FALSE
pos_1653,olanzapine,neuroleptic malignant syndrome,FALSE
negsent1_292,methotrexate,"acute lymphoblastic leukemia,leptomeningeal spread of tumor",FALSE
pos_1600,metformin,severe acidosis,FALSE
pos_3518,psl,fracture of the femoral neck,FALSE
negsent1_649,"propranolol,chlorpromazine",adverse effects,FALSE
pos_1148,linezolid,hematologic side effects,FALSE
pos_3050,allopurinol,telescoped digits of the hands and feet,FALSE
pos_1175,rosiglitazone,reduction in plasma hdl cholesterol and apolipoprotein ai levels,FALSE
pos_1244,"cis-retinoic acid,ra",bmtn,FALSE
pos_1801,"citalopram,fentanyl","agitation,confusion,myoclonic jerks,serotonin syndrome,tachycardia,tremors,unsteady gait",FALSE
pos_2060,anastrozole,"decrease in both lumbar spine,increase in the cholesterol level,increase in the incidence of all bone fractures,joint disorders",FALSE
pos_4079,heroin,"ballistic movements,ischemic infarcts",FALSE
pos_4001,zonisamide,heat stroke,FALSE
negsent1_603,"calcium hopantenate,pantothenic acid",,FALSE
pos_4024,phenolphthalein,"rash,ten",FALSE
negsent1_1264,lacosamide,"enhances slow inactivation of voltage-gated sodium channels,effective add-on treatment for partial-onset seizures",FALSE
negsent1_628,phenytoin,refractory partial seizures,FALSE
pos_4136,prednisone,anaphylactic reaction,FALSE
negsent1_822,methylprednisolone,adrenal suppression,FALSE
pos_2459,itraconazole,tremor,FALSE
pos_3162,ccnu,fatal pulmonary fibrosis,FALSE
pos_3857,mequitazine,photosensitivity reactions,FALSE
negsent1_874,"cisplatin,cisplatin solution",first attempted therapy,FALSE
pos_106,d-penicillamine,inhibition of hematopoiesis,FALSE
pos_2637,penicillamine,nail-changes,FALSE
negsent1_65,"gemcitabine,taxanes,doxorubicin,anthracyclines","radiation therapy,chemotherapy",FALSE
pos_2204,lenalidomide,severe aplastic anemia,FALSE
pos_1902,nabumetone,pulmonary fibrosis,FALSE
pos_783,lithium,"lithium toxicity,nephrogenic diabetes insipidus,polyuria",FALSE
pos_3633,l-asparaginase,"aphasia,cerebrovascular complications,neuropsychological deficits",FALSE
pos_1987,doxorubicin,"breathing distress,thoracic pain",FALSE
pos_2875,cyclosporin,"abnormalities in liver function tests,hirsutism,hypertension,increased blood levels of urea and creatinine",FALSE
pos_3120,phenytoin,transient hemiparesis,FALSE
pos_977,"thiazide,vitamin d3",hypercalcemia,FALSE
pos_1112,bimatoprost,"alteration of eyelid appearance,deepening of the lid sulcus",FALSE
pos_2651,asparaginase,hyperglycemia,FALSE
pos_3341,d-penicillamine,hepatotoxicity,FALSE
pos_284,vigabatrin,field defects,FALSE
pos_1574,infliximab,subfulminant hepatitis b,FALSE
pos_3845,magnesium,neuromuscular block,FALSE
pos_171,ibuprofen,central nervous system manifestations,FALSE
pos_1281,btx-b,visual disturbances,FALSE
pos_2997,imipramine,spindle coma,FALSE
negsent1_1126,"levothyroxine,levothyroxine products","product quality differences,bioequivalency differences",FALSE
pos_4065,ifosfamide,neurotoxicity,FALSE
pos_4220,halcinonide,"glycosuria,postprandial hyperglycemia",FALSE
pos_1171,cap,perioral and upper extremity paresthesias,FALSE
pos_1483,gemcitabine,"gastrointestinal bleeding,radiation-recall",FALSE
pos_241,atenolol,atenolol toxicity,FALSE
pos_3980,magnesium,magnesium toxicosis,FALSE
pos_3796,"clarithromycin,ethambutol,rifabutin",uveitis,FALSE
negsent1_1318,venlafaxine,"narrow-angle glaucoma,ocular pressure",FALSE
pos_3963,mtx,pneumonitis,FALSE
neg_128,clozapine,eosinophilia,FALSE
pos_450,ltg,encephalopathy,FALSE
pos_1349,tegaserod,ischemic colitis,FALSE
pos_1905,"cyclosporine,simvastatin",rhabdomyolysis,FALSE
pos_1200,ptu,fulminant hepatitis,FALSE
negsent1_1025,fentanyl,"underlying depression,chronic or malignant pain",FALSE
pos_1831,lenalidomide,"diffuse pulmonary infiltrates,dyspnea,fever,hypoxia",FALSE
negsent1_549,"gold,steroid therapy",complete recovery of the lung damage,FALSE
pos_832,prednisolone,sjs,FALSE
pos_3859,methamphetamine,keratitis,FALSE
pos_2845,insulin,"posthypoglycemic hyperglycemia,rebound hyperglycemia",FALSE
pos_2009,carbamazepine,hyponatraemia,FALSE
negsent1_862,hexoprenaline,preterm labour,FALSE
negsent1_860,"erlotinib,steroid",respiratory failure,FALSE
pos_4150,"phenelzine,venlafaxine",serotonin syndrome,FALSE
pos_598,metamizole,sepsis,FALSE
pos_2768,niacin,maculopathy,FALSE
pos_614,cyclophosphamide,leiomyosarcoma,FALSE
negsent1_387,zafirlukast,,FALSE
negsent1_449,gemcitabine,,FALSE
pos_1219,carbamazepine,asthenozoospermia,FALSE
pos_2323,aripiprazole,hiccups,FALSE
pos_1426,infliximab,infection,FALSE
pos_318,lead,lead toxicity,FALSE
negsent1_1252,methylphenidate,cardiomyopathy,FALSE
negsent1_864,ibuprofen,antigen-specific process,FALSE
negsent1_1139,epoprostenol,reinstituted,FALSE
pos_3350,5-fluorouracil,increased pigmementation of skin,FALSE
negsent1_1131,tiagabine,,FALSE
pos_2676,chlorambucil,aml,FALSE
pos_362,clofazimine,"enteropathy,life-threatening",FALSE
negsent1_1013,tamoxifen,four cases of this association,FALSE
negsent1_933,"gemcitabine,gemcitabine-containing regimens",,FALSE
pos_2797,benzocaine,methemoglobinemia,FALSE
negsent1_869,vincristine,,FALSE
negsent1_852,"levamisole,warfarin",drug interaction,FALSE
pos_2336,"lopinavir,ritonavir",arrhythmias,FALSE
pos_1510,ifn-beta,"autoimmune thyroid disease,refractory pre-patellar bursitis",FALSE
pos_3373,procainamide,reversible granulocytopenia,FALSE
pos_917,"cbz,clozapine,lithium","asterixis,neurotoxicity",FALSE
pos_2046,sibutramine,"hypertension,tachycardia",FALSE
pos_4023,phenolphthalein,toxic epidermal necrolysis,FALSE
pos_3711,haloperidol,multiform ventricular tachycardia,FALSE
pos_2093,copaxone,gastrointestinal symptoms,FALSE
pos_3342,d-penicillamine,hepatotoxicity,FALSE
pos_1599,metformin,lactic acidosis,FALSE
pos_1324,tamoxifen,"high-grade endometrial stromal sarcoma,intrauterine polypoid growth",FALSE
pos_4230,vitamin d,vitamin d intoxication,FALSE
pos_4173,"5-aminosalicylic acid,pentasa",pancytopenia,FALSE
negsent1_1351,captopril,"alters renal function,hyperperfusion",FALSE
pos_4119,risperidone,dyskinetic movements,FALSE
negsent1_648,diamorphine,,FALSE
pos_1494,heparin,"massive thrombosis of the inferior vena cava,thrombocytopenia",FALSE
pos_3141,rifampicin,skin lesions,FALSE
negsent1_1180,valproate,,FALSE
negsent1_507,"quinine,plasma exchange",,FALSE
pos_2324,aripiprazole,hiccups,FALSE
pos_3507,mannitol,"acute renal failure,arf",FALSE
pos_1920,"colchicine,simvastatin","muscle weakness,rhabdomyolysis",FALSE
pos_480,cisplatin,"siadh,syndrome of inappropriate secretion of adh",FALSE
pos_2591,acyclovir,"fever,hemoptysis,pleural friction rub",FALSE
negsent1_1114,"gold,gold salts",fatal marrow aplasia,FALSE
pos_3890,"cimetidine,tolazoline",upper gastrointestinal bleeding,FALSE
pos_594,zuclopenthixol,priapism,FALSE
negsent1_57,methotrexate,severe liver damage,FALSE
pos_817,"ifnalpha,interferon alpha",renal dysfunction,FALSE
pos_194,zolmitriptan,spinal cord lesion,FALSE
pos_3774,ifosfamide,nonconvulsive status epilepticus,FALSE
pos_3832,acetazolamide,osteomalacia,FALSE
pos_1032,kayexalate,hypernatraemia,FALSE
negsent1_812,baclofen,return to baseline sexual function,FALSE
pos_2921,"molipaxin,trazodone hydrochloride","generalized pustular psoriasis,gpp",FALSE
pos_1110,dorzolamide,choroidal detachment,FALSE
negsent1_594,cyclophosphamide,,FALSE
negsent1_1219,lithium,,FALSE
pos_87,phenytoin,seizures,FALSE
pos_4222,nefazodone,"confusion,gray areas,headache",FALSE
negsent1_629,infliximab,treat a number of recalcitrant medical conditions,FALSE
negsent1_998,methotrexate,psoriasis,FALSE
pos_332,"ara-c,cytosine arabinoside","ten,toxic epidermal necrolysis",FALSE
negsent1_210,ampicillin,infant died,FALSE
pos_1250,quetiapine,myoclonus,FALSE
pos_2963,heparin,hyperkalemia,FALSE
pos_726,brimonidine,iop elevation,FALSE
pos_2904,mono-octanoin,noncardiogenic pulmonary edema,FALSE
pos_3177,"fluoresone,phenobarbital,phenytoin",gynecomastia,FALSE
negsent1_501,"acenocoumarol,econazole",,FALSE
pos_1104,"bcnu,bis-chloronitrosourea",pulmonary fibrosis,FALSE
pos_2055,l-asparaginase,"altered sensorium,seizures",FALSE
pos_1353,lansoprazole,collagenous colitis,FALSE
negsent1_1034,nitrofurantoin,pathological reactions,FALSE
pos_468,bupivacaine,vocal cord paralysis,FALSE
negsent1_894,"clozapine,atypical antipsychotic medications","treated unsuccessfully,started on clozapine",FALSE
pos_2745,acth,hyperkalemia,FALSE
pos_1807,docetaxel,meibomian duct inflammation and blockage,FALSE
pos_3095,nortriptyline,sinus tachycardia,FALSE
negsent1_15,"colchicine,azathioprine",,FALSE
negsent1_346,"gemcitabine,docetaxel",salvage chemotherapy,FALSE
pos_2012,cyclosporine,severe systemic cmv infection,FALSE
pos_2156,rituximab,acute coronary syndromes,FALSE
pos_1225,clozapine,seizures,FALSE
pos_568,mirtazapine,ss,FALSE
negsent1_1179,furosemide,,FALSE
pos_3421,adenosine,alterations in heart rate,FALSE
pos_4053,ritonavir,maculopapular eruption,FALSE
negsent1_327,"morphine,morphine-6-glucuronide","decreased clearance,renal insufficiency",FALSE
pos_248,propafenone,ataxia,FALSE
pos_3463,warfarin,necrotizing fasciitis,FALSE
pos_1308,raloxifene,malignant mixed mullerian tumor of the uterus,FALSE
negsent1_942,pilsicainide,,FALSE
pos_4060,alpha-interferon,vitiligo,FALSE
pos_4164,"theophylline,zafirlukast",increase in the theophylline level,FALSE
negsent1_1277,rifabutin,,FALSE
negsent1_187,levothyroxine,thyroid function tests,FALSE
negsent1_1349,alprazolam,enhanced specificity for a subpopulation of benzodiazepine receptors,FALSE
pos_2175,oxcarbazepine,severe rash,FALSE
negsent1_1455,disulfiram,,FALSE
negsent1_1246,foscarnet,,FALSE
pos_4006,suramin,renal failure,FALSE
pos_767,ifn-alpha,minimal change disease,FALSE
pos_2309,depakote,effusion,FALSE
pos_2481,epinephrine,transient intraoperative hypertension,FALSE
negsent1_1156,olanzapine,,FALSE
pos_3722,azathioprine,myelosuppression,FALSE
pos_746,"lithium,olanzapine",neuroleptic malignant syndrome,FALSE
pos_2954,"diamorphine,methylphenidate",ischaemia,FALSE
pos_3040,clindamycin,pseudomembranous colitis,FALSE
pos_62,"insulin,nph","angioedema,urticaria",FALSE
pos_2383,carboplatin,platinum hypersensitivity,FALSE
pos_3494,gentamicin sulfate,acute renal failure,FALSE
pos_2499,sirolimus,aphthous stomatitis,FALSE
pos_1619,ivermectin,severe liver disease,FALSE
pos_1579,ifn beta,grade 3 hepatotoxicity,FALSE
pos_347,5-fluorouracil,ectropion,FALSE
pos_3212,trazodone,priapism,FALSE
neg_166,metoclopramide,nonthrombocytopenic palpable purpura,FALSE
neg_48,lithium,renal failure,FALSE
pos_1786,tobramycin,"recurrent eosinophilia,severe persistent bronchospasm",FALSE
pos_2514,tpa,severe splenic hemorrhage and rupture,FALSE
pos_153,gliclazide,acute hepatitis,FALSE
negsent1_850,imatinib,blast crisis,FALSE
pos_1974,methotrexate,diffuse pruritic papular eruption,FALSE
negsent1_717,dapsone,rheumatoid arthritis,FALSE
pos_2236,ethambutol,visual loss,FALSE
pos_185,troglitazone,hepatotoxicity,FALSE
pos_2993,trazodone,movement disorder,FALSE
negsent1_798,methotrexate,skin tests,FALSE
pos_3850,"cetrimide,chlorhexidine",metabolic acidosis,FALSE
negsent1_1047,"cephalosporin,moxalactam,cephalosporins",clinical bleeding,FALSE
negsent1_1196,colchicine,,FALSE
negsent1_355,chloral hydrate,overdoses,FALSE
pos_1419,epinephrine,acute myocardial ischemia,FALSE
pos_4105,clindamycin,"c. difficile toxin in stool,diarrhea",FALSE
pos_663,thyroid hormone,hypothyroidism,FALSE
pos_2691,alprazolam,delirious,FALSE
pos_2918,tolazoline,"duodenal ulceration,intestinal perforation",FALSE
negsent1_1078,sertraline,depressive symptoms,FALSE
pos_358,spironolactone,diarrhoea,FALSE
neg_129,disulfiram,catatonia,FALSE
pos_3021,carbamazepine,dystonia,FALSE
negsent1_1138,infliximab,,FALSE
pos_710,metronidazole,"clinical, spectroscopic, and imaging abnormalities",FALSE
negsent1_1136,aspirin,prophylaxis,FALSE
negsent1_604,clindamycin,systemic effects,FALSE
negsent1_1370,ethambutol,"pulmonary tuberculosis,renal tuberculosis",FALSE
negsent1_77,capecitabine,rectal adenocarcinoma,FALSE
pos_1596,hydroxychloroquine,"qt prolongation,refractory ventricular arrhythmia",FALSE
pos_3268,"amiodarone,disopyramide,quinidine","atypical ventricular tachycardia,avt,torsade de pointes",FALSE
negsent1_1356,ceftriaxone,,FALSE
pos_3480,omeprazole,esophageal candidiasis,FALSE
pos_222,"carboplatin,gemcitabine",severe hemolytic uremic syndrome,FALSE
pos_2819,pi,acute oliguric renal failure,FALSE
negsent1_1298,"theophylline,steroids",ulcers,FALSE
pos_4183,olanzapine,extrapyramidal side effects,FALSE
negsent1_1093,amiodarone,careful monitoring of patients,FALSE
pos_1913,erlotinib,"pulmonary fibrosis,pulmonary toxicity",FALSE
negsent1_1122,"cloxacillin,betalactam antibiotics",allergic to cloxacillin,FALSE
negsent1_859,arginine,renal or hepatic insufficiency,FALSE
pos_97,taxane,glaucoma,FALSE
pos_3424,propafenone,transient global amnesia,FALSE
pos_2034,ranibizumab,persisent ocular hypertension,FALSE
pos_3305,lithium,nephrotic syndrome,FALSE
pos_218,ethambutol,"anti-native dna antibodies,hepatitis,polyarthritis,rash",FALSE
pos_543,warfarin,bleeding,FALSE
negsent1_703,"verapamil,sustained-release verapamil",prescribed,FALSE
pos_1325,tamoxifen,high-grade endometrial stromal sarcoma,FALSE
pos_2372,oxymetalzoline,neurological depression,FALSE
negsent1_243,valproate,,FALSE
pos_3872,beclomethasone diproprionate,eosinophilic pneumonia reaction,FALSE
pos_145,ifosfamide,encephalopathy,FALSE
pos_3290,arginine,hyperkalemia,FALSE
pos_2798,benzocaine,methemoglobinemia,FALSE
pos_4093,"actinomycin d,epirubicin,vincristine",hepatotoxicity,FALSE
negsent1_1414,metamizole,harmful side effects,FALSE
neg_87,zonisamide,"dihs,dress",FALSE
pos_2539,nitrendipine,gingival hyperplasia,FALSE
negsent1_126,"pilocarpine,pilocarpine tablets","ingestion,dosing error",FALSE
negsent1_440,"propranolol,thiazide,hydrochlorothiazide,insulin,furosemide",,FALSE
pos_4005,suramin,acute renal failure,FALSE
pos_1337,"ifn,interferon","cotton wool spots,retinal hemorrhages,retinopathy",FALSE
pos_1514,"smx,tmp",aseptic meningitis,FALSE
pos_775,carbimazole,"agranulocytosis,sepsis",FALSE
pos_2959,amiodarone,"neuropathy,pleural and pericardial effusion,pneumonitis",FALSE
pos_635,lidocaine,pupillary mydriasis,FALSE
pos_3887,methotrexate,"methotrexate toxicity,painful erosions of their psoriasis",FALSE
pos_2570,ciprofloxacin,renal toxicities,FALSE
pos_3146,lorcainide,siadh,FALSE
pos_4067,toxicity,ifosfamide,FALSE
negsent1_749,bleomycin,widespread use,FALSE
pos_747,"6-mp,aza",hepatotoxicity,FALSE
pos_1572,anti-tnf-alpha,infections,FALSE
neg_46,clozapine,td,FALSE
pos_2329,sertraline,rhabdomyolysis,FALSE
pos_2799,methotrexate,erosion of a psoriatic plaque,FALSE
pos_4191,haloperidol,nms,FALSE
negsent1_42,gemcitabine,radiation recall,FALSE
pos_3276,cimetidine,hepatitis,FALSE
negsent1_1478,metoclopramide,gastrointestinal condition,FALSE
pos_1322,linezolid,"bone marrow depression,neuropathy,peripheral neuropathy",FALSE
pos_298,pccs,mi,FALSE
pos_2167,propranolol,"atrioventricular block,syncope",FALSE
negsent1_52,bupropion,"unintentional ingestion,limited toxicity",FALSE
pos_3391,"metronidazole,sulphonamide",myopia,FALSE
pos_2154,rituximab,acute coronary syndromes,FALSE
pos_2578,atenolol,pseudolymphoma,FALSE
pos_2256,quinine,"thrombocytopenia,ttp/hus",FALSE
negsent1_959,methylprednisolone,,FALSE
pos_4122,venlafaxine,increased ocular pressure,FALSE
negsent1_745,morphine,"complications,successful treatment",FALSE
pos_1041,ciprofloxacin,"hallucinations,mild headache,minor dizziness,seizures",FALSE
pos_2293,isoniazid,gynaecomastia,FALSE
pos_1756,"heparin,heparin","thrombocytopenia,thrombosis",FALSE
pos_214,morphine,nonconvulsive status epilepticus,FALSE
pos_873,"ifn,interferon-alpha",skin lesions,FALSE
pos_3271,disopyramide,"avt,syncope",FALSE
pos_3131,disulfiram,reversible toxic liver damage,FALSE
negsent1_1203,"growth hormone,recombinant human growth hormone",,FALSE
negsent1_388,"amiodarone,prednisolone",improvement,FALSE
pos_1552,"corticosteroid,triamcinolone acetate",glaucoma,FALSE
neg_82,morphine,respiratory depression,FALSE
negsent1_701,propafenone,"atrial fibrillation,normal sinus rhythm,adverse effects",FALSE
pos_2162,methylprednisolone,adrenal suppression,FALSE
pos_4202,voglibose,acute dizziness,FALSE
pos_2079,alendronate,"nodular scleritis,scleritis",FALSE
negsent1_838,amiodarone,,FALSE
negsent1_1094,morphine,,FALSE
negsent1_987,"aprotinin,aprotinin injections",chronic tendinopathy,FALSE
pos_3182,"etretinate,methotrexate",toxic hepatitis,FALSE
pos_165,interferon-alpha,"akathisia,neurotoxicity",FALSE
negsent1_1317,"colchicine,oral colchicine",corneal wound healing,FALSE
pos_463,amphotercin b,seizures,FALSE
pos_2995,benzodiazepine,coma,FALSE
negsent1_173,moxalactam,"diffuse pulmonary infiltration,renal transplant rejection",FALSE
pos_3347,"para-aminosalicylic acid,pas",hypoglycaemic coma,FALSE
pos_2498,amiodarone,"goiter,hypothyroidism,thyrotoxicosis",FALSE
negsent1_1339,pentamidine,heart rate stabilized,FALSE
pos_3704,paracetamol,fatal,FALSE
pos_365,cibenzoline,"blurred vision,cardiac failure,cibenzoline intoxication,qrs broadening",FALSE
negsent1_1267,bimatoprost,adverse effect,FALSE
pos_3895,nitrite,nitrite toxicity,FALSE
pos_1648,vincristine,cranial polyneuropathy,FALSE
pos_1487,methotrexate,nephropathy,FALSE
pos_1327,pentamidine,heart rate had decreased,FALSE
pos_108,methimazole,agranulocytosis,FALSE
pos_961,colchicine,myopathy,FALSE
pos_498,quetiapine,"agranulocytosis,leucopenia",FALSE
pos_1849,"5-fu,capecitabine",headaches,FALSE
pos_3042,formalin,fatal acute tubular necrosis,FALSE
pos_1364,phenylpropanolamine,stroke,FALSE
pos_285,interferon,depressive symptoms,FALSE
pos_1150,prostaglandin e1,harlequin color change,FALSE
pos_689,"clomipramine,interferon beta-1a","extrapyramidal symptoms,seizures",FALSE
negsent1_1218,"cyclophosphamide,bleomycin",mixed germ cell tumor,FALSE
pos_2419,"pegylated interferon,ribavirin",retinopathy,FALSE
neg_157,nimesulide,agep,FALSE
pos_3444,isoniazid,neurotoxicity,FALSE
pos_1443,interferon,nephrosis,FALSE
pos_1434,dofetilide,"acute ischemia,marked qt prolongation,torsades de pointes",FALSE
pos_1253,"temozolomide,tmz",refractory anemia with excess blasts,FALSE
pos_1733,cpa,severe hepatotoxic reactions,FALSE
pos_605,"bleomycin,cisplatin,vinblastine",posterior leukoencephalopathy,FALSE
pos_3618,cotrimoxazole,"elevation of serum creatinine and blood urea,hyperkalaemia,increased urinary n-acetyl glucosaminase,one patient became unconscious",FALSE
pos_4224,"nefazodone,tacrolimus",interaction,FALSE
pos_1114,sulfadoxine-pyrimethamine,life-threatening hypoglycaemia,FALSE
negsent1_120,ranibizumab,high intraocular pressure,FALSE
pos_1359,itraconazole,"absence of deep reflexes,mild left ptosis,mild weakness of the upper extremities,neurogenic bladder,paralytic ileus,severe paralysis of the lower extremities",FALSE
negsent1_829,fluoxetine,ingested 12 gm of fluoxetine,FALSE
negsent1_314,"ticlopidine,antibiotics",septic episode,FALSE
pos_3004,prochlorperazine,lost consciousness,FALSE
pos_880,lithium,"lethargy,lithium toxicity",FALSE
negsent1_229,"aspirin,clopidogrel","fatal bleeding,antiplatelet resistance,bleeding risk assessment",FALSE
pos_411,methimazole,"bone marrow toxicity,massive plasmocytosis",FALSE
pos_2755,isotretinoin,teratogenic effects,FALSE
pos_1977,acetylsalicylic acid,pericardial hemorrhage,FALSE
pos_1593,statin,myasthenia gravis,FALSE
pos_1299,vancomycin,"cerebrospinal fluid eosinophilia,csfe",FALSE
negsent1_202,triamcinolone acetonide,"cystoid macular edema,penetrating keratoplasty",FALSE
pos_1771,bevacizumab,acute endophthalmitis,FALSE
pos_1080,heparin,large intramural esophageal hematoma,FALSE
pos_59,neutral protamine hagedorn (nph) insulin,protamine hypersensitivity,FALSE
pos_152,gliclazide,acute hepatitis,FALSE
pos_28,calcipotriol,"allergic reactions,irritation of the skin",FALSE
negsent1_723,desmopressin,improved,FALSE
pos_2717,fudr,neurologic toxicity,FALSE
negsent1_318,amoxapine,appeared in breast milk,FALSE
pos_490,"amodiaquine,artesunate",asymptomatic hepatitis,FALSE
pos_1172,capecitabine,peripheral neuropathy,FALSE
pos_1665,"carbamazepine,divalproex sodium,risperidone,topiramate,venlafaxine","nms,ss",FALSE
pos_316,lead,"hypertension,lead-induced hypertension",FALSE
pos_4233,methotrexate,hepatic necrosis,FALSE
pos_4256,mineral oil,lipoid pneumonia,FALSE
neg_39,cisplatin,siadh,FALSE
pos_1403,captopril,pulmonary infiltrates with eosinophilia,FALSE
negsent1_836,lorcainide,"organic heart disease,complex ventricular arrhythmias",FALSE
negsent1_147,flurbiprofen,,FALSE
pos_2276,cyclosporine,leg pain,FALSE
negsent1_672,lithium,neurotoxicity,FALSE
pos_1852,"lithium,propafenone",brugada type electrocardiographic changes,FALSE
negsent1_615,"mannitol,methylprednisolone",intraocular pressure elevation,FALSE
pos_3946,amiodarone,"polymorphous ventricular tachycardia,syncope",FALSE
negsent1_256,arsenic trioxide,,FALSE
pos_697,capecitabine,allergic reaction,FALSE
negsent1_1263,quetiapine,concentrations of quetiapine found in femoral blood,FALSE
pos_764,"propylthiouracil,ptu",elevated hepatic enzymes,FALSE
negsent1_1174,methadone,"underlying cardiac abnormalities,electrolyte disturbances",FALSE
negsent1_1279,clozapine,,FALSE
pos_1779,imatinib,deep vein thrombosis,FALSE
pos_472,dipivefrin,cicatricial entropion,FALSE
pos_162,nitrofurantoin,respiratory symptoms,FALSE
negsent1_996,adriamycin,exceed the recommended maximum cumulative dose level,FALSE
pos_198,carboplatin,hypersensitivity,FALSE
pos_3237,cyclofenil,hepatic reactions,FALSE
pos_1701,rituximab,hepatitis b virus reactivation,FALSE
negsent1_596,"minocycline,drug,calcium","metabolite-protein complex,insoluble minocycline-melanin complex",FALSE
pos_1761,docetaxel,fatal interstitial pneumonitis,FALSE
pos_2634,cytosine arabinoside,peripheral nervous system disturbances,FALSE
pos_2120,"citalopram,propafenone","coronary artery disease,dizziness,falls",FALSE
pos_1506,interferon-beta,"arthritis,bursitis",FALSE
pos_3484,doxorubicin,symptomatic cardiac failure,FALSE
negsent1_162,levodopa,choreoballistic movements,FALSE
pos_4009,clozapine,polyserositis,FALSE
pos_297,warfarin,"diarrhea,over-anticoagulation",FALSE
negsent1_1123,natalizumab,,FALSE
pos_3550,methyl nitrite,methemoglobinemia,FALSE
pos_501,ofloxacin,toxic epidermal necrolysis,FALSE
pos_1643,methylprednisolone,"myocardial infarction,severe hypertension",FALSE
pos_1585,bcnu,cardiac toxicity,FALSE
negsent1_1149,mirtazapine,overdose,FALSE
pos_946,l-dopa,daytime somnolence,FALSE
pos_2704,l-thyroxine,acute myocardial infarction,FALSE
pos_465,amphotericin b,seizure,FALSE
pos_1098,phenytoin,"purple glove syndrome,soft-tissue injury",FALSE
pos_376,ifn-alpha,"autoimmune thyroiditis,thyroid disorders",FALSE
pos_950,lithium,"epstein's anomaly,teratogenicity",FALSE
pos_3634,l-asparaginase,"cerebral thrombosis,coagulation protein deficiencies,hemorrhage",FALSE
pos_3165,cholestyramine ii,"confusion,drowsiness,lethargy",FALSE
negsent1_1199,"imiquimod,topical imiquimod","excisional surgery,nonmelanoma skin cancer",FALSE
pos_336,"clomipramine,clozapine",serotonin syndrome,FALSE
pos_1549,"smx,sulfamethoxazole,tmp,trimethoprim","atypical lymphocytosis,cervical lymphadenopathy,eosinophilia,fever,hepatosplenomegaly,skin eruptions",FALSE
negsent1_1108,"bucillamine,steroid,lobenzarit disodium",pulmonary tuberculosis,FALSE
pos_1350,tegaserod,ischemic colitis,FALSE
pos_2043,enalaprilat,acute bilateral parotitis,FALSE
neg_34,moxifloxacin,corneal ulcers,FALSE
pos_2475,erlotinib,fatal interstitial lung disease,FALSE
pos_55,paroxetine,hair loss,FALSE
pos_2391,ciprofloxacin,hemorrhagic vasculitis,FALSE
pos_1251,quetiapine,myoclonus,FALSE
pos_1535,sirolimus,pneumonitis,FALSE
pos_1959,quetiapine,"leucocytopenia,thrombocytopenia",FALSE
pos_926,norethisterone,gestational diabetes,FALSE
pos_1678,thrombin,arterial thrombosis,FALSE
pos_1908,interferon alpha,lichen nitidus,FALSE
negsent1_134,beclomethasone diproprionate,,FALSE
pos_2546,"gentamicin,penicillin g",hypersensitivity reaction,FALSE
negsent1_140,tolmetin,,FALSE
pos_1513,"smx,sulfamethoxazole,tmp,trimethoprim",meningitis,FALSE
pos_736,methotrexate,systemic anaphylaxis,FALSE
pos_3013,methotrexate,diffuse interstitial pulmonary fibrosis,FALSE
pos_489,vincristine,severe motor neuropathy,FALSE
pos_1467,penicillin,jhr,FALSE
negsent1_1469,"statin,statin medication",recovery,FALSE
pos_3594,fluoxetine,seizures,FALSE
pos_3117,diazepam,seizures,FALSE
pos_1990,acyclovir,vzv antigen-positive zoster,FALSE
pos_1138,l-asparaginase,"lethal complication,pancreatitis",FALSE
pos_3621,nitrous oxide,subacute combined degeneration of the spinal cord,FALSE
negsent1_278,"levamisole,warfarin",dosage adjustment,FALSE
negsent1_1398,acyclovir,,FALSE
pos_404,ethanol injection,cutaneous seeding,FALSE
pos_3340,niflumic acid,densification of trabecular bone,FALSE
pos_3593,fluoxetine,seizures,FALSE
pos_2304,sunitinib,gynaecomastia,FALSE
pos_1839,interferon-alpha,psoriasis,FALSE
pos_3155,propranolol,abnormal rhythm,FALSE
pos_1414,triamcinolone,cataract,FALSE
pos_1121,indapamide,glucose tolerance impairing,FALSE
negsent1_907,hydroxychloroquine,,FALSE
pos_705,cytarabine,"bullous eruption,ppe",FALSE
pos_4016,rhgh,hypercalcemia,FALSE
pos_2675,chlorambucil,acute myelogenous leukemia,FALSE
pos_3227,gold,nephrotic syndrome,FALSE
pos_3983,lovastatin,rhabdomyolysis,FALSE
pos_112,gemcitabine,"renal failure,thrombotic microangiopathy",FALSE
negsent1_1049,amiodarone,life-threatening tachyarrhythmia,FALSE
pos_2410,"kayexalate,sodium polystryrene sulfonate",colonic necrosis,FALSE
pos_1371,imiquimod,"multiple comedones,ruptured epidermoid cysts",FALSE
pos_2871,amiodarone,torsade de pointes,FALSE
pos_3253,thiabendazole,"cholestasis,sicca complex",FALSE
negsent1_1462,"cyclosporine,analgesic agents","change from intravenous to oral administration,pain",FALSE
pos_3514,quinapril,cough,FALSE
negsent1_993,mefloquine,adverse effect,FALSE
pos_2502,mp,transient renal failure,FALSE
negsent1_1042,"budesonide,corticosteroids",,FALSE
pos_802,magnesium sulfate,"low plasma parathyroid hormone,pth,severe hypocalcemia",FALSE
negsent1_316,"fluvoxamine,haloperidol",symptoms abated,FALSE
negsent1_653,"cyclophosphamide,mitoxantrone",widely metastatic cancer of the breast,FALSE
pos_2489,prochlorperazine,"epiglottitis,oro-pharyngeal dystonic reaction",FALSE
pos_3519,cefuroxime,acute renal failure,FALSE
pos_3515,quinapril,cough,FALSE
pos_1824,ezetimibe,acute pancreatitis,FALSE
pos_4051,enalapril,acute renal failure,FALSE
negsent1_857,"clarithromycin,carbamazepine",,FALSE
pos_4223,"nefazodone,tacrolimus",interfere with tacrolimus metabolism,FALSE
pos_1708,"warfarin,heparin","skin necrosis,thrombocytopenia",FALSE
negsent1_304,"etanercept,rifampin,isoniazid,pyrazinamide,ethambutol",tuberculous uveitis,FALSE
pos_4159,ptu,anca,FALSE
pos_3716,risperidone,"feeding gastrostomy,worsening parkinsonism",FALSE
negsent1_809,doxorubicin,treatment of solid tumors,FALSE
pos_782,lithium,diabetes insipidus,FALSE
pos_3592,fluoxetine,seizures,FALSE
pos_1530,"interferon alpha,ribavirin",sarcoidosis,FALSE
pos_4103,clindamycin phosphate,clostridium difficile toxin-induced colitis,FALSE
neg_94,etoposide,t-aml,FALSE
negsent1_53,methysergide,clinical and laboratory manifestations,FALSE
pos_2042,enalaprilat,acute parotitis,FALSE
neg_160,mmi,acc,FALSE
pos_3866,mtx,"death,liver failure",FALSE
negsent1_1344,"carbamazepine,phenytoin",adverse effect,FALSE
pos_1978,"nelfinavir,indinavir,efavirenz","cutaneous rash,fever,nausea,renal colic,temporary memory loss",FALSE
pos_3326,propranolol,bronchospasm,FALSE
pos_2554,pyridostigmine bromide,"bromide intoxication,postoperative psychosis",FALSE
pos_2793,"carbamazepine,diphenylhydantoin",deposits of plasma proteins in the skin,FALSE
negsent1_279,"vancomycin,teicoplanin","neutropenia,cross-reactivity",FALSE
pos_511,triiodothyronine,thyrotoxicosis,FALSE
pos_9,5-fluorouracil,neurotoxicity,FALSE
negsent1_999,epinephrine,mishaps,FALSE
pos_1039,ppa,"extremely elevated levels of ppa,occipital infarcts",FALSE
pos_1245,ra,deterioration in renal function,FALSE
pos_3101,prednisone,disseminated histoplasmosis,FALSE
pos_2159,"acenocoumarol,econazole",laryngeal hematoma,FALSE
pos_902,bleomycin,scleroderma,FALSE
pos_3289,lithium,delirium,FALSE
pos_3913,rifabutin,uveitis,FALSE
pos_398,methadone,myoclonus,FALSE
pos_1335,vigabatrin,visual field defects,FALSE
pos_202,etoposide,secondary leukemia,FALSE
negsent1_1157,"fluphenazine,fluphenazine decanoate,thioridazine,haloperidol","verbal threats,aggressive behavior",FALSE
negsent1_1256,zonisamide,complication,FALSE
pos_353,meloxicam,endoscopic lesions,FALSE
pos_1030,infliximab,sleep disordered breathing,FALSE
pos_1576,phenol,"neurotoxicity,visual loss",FALSE
pos_278,5-aminosalicylic acid,acute pancreatitis,FALSE
pos_1512,trimethoprim-sulfamethoxazole,aseptic meningitis,FALSE
pos_3949,verapamil,acute asthma,FALSE
pos_686,interferon-alpha,nephrotic syndrome,FALSE
pos_354,meloxicam,bloody diarrhoea,FALSE
negsent1_1257,"tobramycin,ciprofloxacin",,FALSE
pos_3031,rifampicin,erythema multiforme bullosum,FALSE
pos_3996,atra,extramedullary relapse,FALSE
pos_3425,aspirin,acute subdural haematoma,FALSE
pos_1617,infliximab,severe avp,FALSE
negsent1_1405,foscarnet,abnormalities,FALSE
negsent1_1303,lithium,,FALSE
pos_1383,lamivudine,"acute dystonic reactions,adrs",FALSE
pos_3765,m-csf,"nephrotic syndrome,renal disease",FALSE
pos_3139,ampicillin,seizures,FALSE
pos_1787,tobramycin,"deterioration of pulmonary function,recurrent eosinophilia",FALSE
pos_47,heparin,priapism,FALSE
negsent1_879,amiodarone,recurrent supraventricular tachyarrhythmias,FALSE
pos_3878,tobramycin,tetany,FALSE
pos_3069,dextrose,increased histamine release,FALSE
pos_1126,imatinib mesylate,"discrepancies between hematologic, marrow morphologic, and cytogenetic responses",FALSE
pos_706,tamoxifen,malignant transformation of endometriosis,FALSE
pos_556,itraconazole,hepatotoxicity,FALSE
pos_1415,triamcinolone,"cataract,severe loss of vision",FALSE
pos_2820,d-penicillamine,"epithelial crescents,hemoptysis,rapidly progressive glomerulonephritis",FALSE
negsent1_1253,dextromethorphan,,FALSE
negsent1_139,triamcinolone,exudative macular degeneration,FALSE
negsent1_207,doxorubicin,"cutaneous side effect,cutaneous toxicity",FALSE
neg_23,dasatinib,pleural effusion,FALSE
pos_1316,anti-d igiv,"dic,disseminated intravascular coagulation,hemoglobinemia",FALSE
negsent1_1209,"phenylephrine,antibiotics,prednisolone,atropine,flurbiprofen","surgical removal of cataracts,maximal mydriasis,pupillary constriction in response to surgery",FALSE
pos_2289,azathioprine,leukopenia,FALSE
pos_1035,quinacrine,bilaterally symmetric bull's-eye maculopathy,FALSE
pos_2185,diltiazem hydrochloride,fever,FALSE
pos_2136,"aspirin,clopidogrel",intracranial bleeding,FALSE
negsent1_711,thrombin,"craniotomy,hemorrhage,bleeding",FALSE
pos_585,amifostine,life-threatening anaphylactoid reaction,FALSE
pos_1508,ifn-beta,monoarthritis,FALSE
pos_2659,lithium,neurotoxicity,FALSE
negsent1_939,colchicine,renal failure,FALSE
pos_2851,bcg,metastatic osteomyelitis,FALSE
pos_3972,tamoxifen,proliferative lesions of the endometrium,FALSE
pos_113,infliximab,b-cell non-hodgkin's lymphoma,FALSE
negsent1_1346,carbamazepine,haemodialysis,FALSE
pos_3720,azathioprine,pancytopenia,FALSE
pos_2245,ivig,acute renal failure,FALSE
pos_1203,"methotrexate,rofecoxib",epstein-barr virus-associated lymphoproliferative disorder,FALSE
pos_4054,ritonavir,adverse cutaneous reactions,FALSE
pos_1644,glucocorticoids,myocardial infarction,FALSE
pos_1825,ezetimibe,pancreatitis,FALSE
pos_1929,sulfasalazine,"fever,leukocytopenia,skin eruptions,thrombocytopenia",FALSE
negsent1_1323,"acarbose,cold remedy",,FALSE
pos_2927,"papaverine,phentolamine",penile fibrosis,FALSE
pos_2285,bacitracin,anaphylactic reaction,FALSE
pos_2735,co-trimoxazole,red cell aplasia,FALSE
pos_1662,diamorphine,anaphylaxis,FALSE
pos_2775,rifampicin,adrenal failure,FALSE
pos_2823,gold,pneumonitis,FALSE
pos_1922,"colchicine,simvastatin","acute weakness,mild chronic renal insufficiency",FALSE
pos_3399,"methotrexate,pan",sensorineural hearing loss,FALSE
negsent1_670,propranolol,,FALSE
pos_3167,cholestyramine,hyperchloremic metabolic acidosis,FALSE
pos_2095,terlipressin,"prolonged qt interval,torsade de pointes",FALSE
negsent1_472,lithium,"renal failure,secondary lithium toxicity",FALSE
pos_2002,trastuzumab,interstitial lung disease,FALSE
pos_1675,rituximab,boop,FALSE
pos_3502,albuterol,hypokalemic,FALSE
negsent1_1431,carbamazepine,low sodium values,FALSE
negsent1_718,mianserin,withdrawal,FALSE
pos_717,"clarithromycin,isradipine",increasing the hepatic toxicity,FALSE
pos_2900,amiodarone,acute hepatitis,FALSE
pos_3266,sq 14225,transient anuria,FALSE
pos_415,metformin,hemorrhage,FALSE
negsent1_624,"enoxaparin,warfarin",,FALSE
pos_4000,propylthiouracil,cutaneous vasculitis,FALSE
pos_3756,cisplatin,clostridium difficile colitis,FALSE
negsent1_1172,sorafenib,,FALSE
pos_4175,alprazolam,decreased plasma cortisol level,FALSE
pos_1760,docetaxel,pulmonary toxicity,FALSE
pos_503,ofloxacin,toxic epidermal necrolysis,FALSE
pos_2682,trihexyphenidyl,"acute respiratory difficulties,cranial dystonia,inspiratory stridor",FALSE
pos_3322,treosulfan,acute leukemia,FALSE
pos_321,nevirapine,sjs,FALSE
pos_2016,imatinib,"acute liver failure,herpetic rash",FALSE
pos_531,metoclopramide,"agitation,confusion,diaphoresis,fever,hypertension,tachycardia,tachypnea",FALSE
pos_1642,radioiodine,hypothyroidism,FALSE
pos_3309,vincristine,acute acoustic nerve palsy,FALSE
negsent1_478,clonidine,polypharmacy,FALSE
pos_682,"mizoribin,bredinin","adh hypersecretion,siadh",FALSE
pos_2568,ifosfamide,lethal anuria,FALSE
pos_349,acetazolamide,acute renal failure,FALSE
pos_502,ofloxacin,toxic epidermal necrolysis,FALSE
pos_2897,amiodarone,"fall in prothrombin time,jaundice,marked increase in serum transaminase levels,severe centrilobular necrosis",FALSE
negsent1_1181,"paracetamol,alcohol",,FALSE
pos_3426,aspirin,intracranial haemorrhage,FALSE
pos_1033,quinacrine,bull's-eye maculopathy,FALSE
negsent1_666,"calcitonin,salmon calcitonin",serum tryptase levels at baseline and after intramuscular challenge test,FALSE
pos_2529,disulfiram,hepatitis,FALSE
pos_2592,acyclovir,fever,FALSE
pos_2574,doxorubicin,severe acute encephalopathy,FALSE
pos_1732,cyproterone acetate,hepatotoxicity,FALSE
negsent1_154,formic acid,dialysis,FALSE
pos_4126,suxamethonium,apnoea,FALSE
negsent1_1120,insulin,"intensive insulin therapy,rapid near-normalization of blood glucose levels",FALSE
negsent1_992,dextrose,,FALSE
pos_2268,enoxaparin,hepatotoxicity,FALSE
pos_3639,acyclovir,excessive maternal and physician anxiety,FALSE
negsent1_637,lamotrigine,apneic episodes,FALSE
pos_2342,valproic acid,elevated serum ammonia levels,FALSE
negsent1_308,riluzole,,FALSE
pos_3578,diphenylhydantoin,acute intermittent porphyria,FALSE
pos_4187,metrifonate,seizures,FALSE
neg_96,cisplatin,100 mg/m2,FALSE
pos_2767,niacin,reversible toxic cystoid maculopathy,FALSE
neg_138,theophylline,ulcer,FALSE
pos_650,bucillamine,giant mammary hyperplasia,FALSE
negsent1_1031,cisplatin,therapy,FALSE
pos_2179,methotrexate,anaphylaxis,FALSE
pos_2943,amiodarone,hypothyroidism,FALSE
pos_4083,cyclosporine,hypersensitivity reactions,FALSE
neg_168,pres,posterior reversible encephalopathy syndrome,FALSE
pos_3785,fluticasone propionate,"adrenal suppression,growth retardation",FALSE
pos_2907,"cisplatin,etoposide",paroxysmal supraventricular tachycardia,FALSE
pos_3607,meperidine,central nervous system toxicity,FALSE
pos_1439,sirolimus,hepatotoxicity,FALSE
pos_2380,lamotrigine,apnea,FALSE
pos_2934,vasopressin,lethal complication,FALSE
pos_625,ticlopidine,marrow aplasia,FALSE
pos_1424,levodopa,"anarchic discharges of motor unit potentials,flexor spasms,marked motor hyperactivity,painful dysesthesia,tonic grouped discharges",FALSE
pos_114,infliximab,lymphoma,FALSE
pos_729,zonisamide,"altered mental status,visual hallucinations",FALSE
pos_3378,atovaquone,vortex keratopathy,FALSE
negsent1_934,"olanzapine,clozapine,risperidone",have been reported to be associated with the condition,FALSE
pos_3808,lithium,"cdi,central diabetes insipidus",FALSE
negsent1_1119,"methotrexate,prednisone",emergency department admission,FALSE
pos_1888,oxcarbazepine,angioedema,FALSE
pos_3211,quinacrine hydrochloride,psychosis,FALSE
negsent1_1012,"fluoxetine,tricyclics",detection rates,FALSE
pos_3583,methotrexate,"acute megaloblastic anaemia,pneumonitis",FALSE
negsent1_236,"magnesium,curariform nondepolarizing muscle relaxant",neuromuscular block,FALSE
negsent1_261,cyclosporine,autoimmune myasthenia gravis,FALSE
pos_3454,furosemide,fever,FALSE
pos_869,fluvoxamine,schneiderian first-rank symptoms,FALSE
pos_610,gelofusine,anaphylactoid reaction,FALSE
pos_777,mitomycin c,comeoscleral perforation,FALSE
pos_3184,hydrochlorothiazide,hyponatremia,FALSE
pos_933,cyclophosphamide,neh,FALSE
negsent1_863,moxifloxacin,,FALSE
pos_1558,ifn-alpha,hyperthyroidism,FALSE
pos_4258,mineral oil,potential hazards,FALSE
pos_1534,sirolimus,interstitial pneumonitis,FALSE
neg_63,amiodarone,torsades de pointes,FALSE
negsent1_1208,"streptokinase,heparin",,FALSE
pos_2048,pregabalin,cortical negative myoclonus,FALSE
pos_1607,warfarin,"bloody tears,sub-conjunctival haematoma",FALSE
pos_3199,amiodarone,pulmonary toxicity,FALSE
pos_3249,methimazole,agranulocytosis,FALSE
negsent1_582,scopolamine,acute angle-closure glaucoma,FALSE
pos_18,"bupivacaine,lidocaine",methemoglobinemia,FALSE
negsent1_788,"sargramostim,filgrastim",,FALSE
pos_3914,rifabutin,uveitis,FALSE
pos_2003,"4-chloro-7-nitrobenzofurazan,nbd-cl",acute allergic contact dermatitis,FALSE
pos_2843,cyclosporine a,herpes esophagitis,FALSE
pos_3012,methotrexate,diffuse interstitial pulmonary fibrosis,FALSE
pos_4247,alteplase,"cutaneous ecchymosis,diffuse subfascial hematoma,sudden fall in hemoglobin",FALSE
pos_3680,acyclovir,"coma,nonoliguric renal failure",FALSE
pos_1747,"actinomycin-d,adriamycin,mithramycin",cardiomyopathy,FALSE
negsent1_694,valproate,underrecognized complication,FALSE
pos_3250,"methimazole,propylthiouracil",agranulocytosis,FALSE
neg_91,sorafenib,interstitial lung disease,FALSE
pos_1087,interferon-alpha,restless legs syndrome,FALSE
negsent1_960,propafenone,"uncontrolled atrial fibrillation,fatigue",FALSE
pos_859,clonazepam,"aggression,agitation,hyperactivity,irritability,property destruction,temper tantrums",FALSE
pos_3689,disulfiram,teratogen,FALSE
pos_140,theophylline,theophylline poisoning,FALSE
pos_4110,"lamotrigine,valproic acid","accumulation of a toxic intermediate metabolite,increased serum lamotrigine levels",FALSE
negsent1_866,venlafaxine,found safe and effective,FALSE
pos_2739,"ethambutol,isoniazid",optic neuropathy,FALSE
negsent1_689,methotrexate,detection of abnormalities,FALSE
pos_662,rofecoxib,"herpetiform fixed drug eruption,red-brown lesion",FALSE
pos_666,gemcitabine,hemolytic-uremic syndrome,FALSE
negsent1_1221,prednisone,sensitivity,FALSE
pos_1703,rituximab,hbv reactivation,FALSE
pos_2097,bevacizumab,spontaneous nasal septal perforation,FALSE
pos_1461,senna,cholestatic hepatitis,FALSE
pos_4193,methimazole,aa,FALSE
pos_916,"carbamazepine,cbz",asterixis,FALSE
negsent1_1357,linezolid,multidrug resistant tuberculosis,FALSE
negsent1_785,pirmenol,,FALSE
pos_1986,"aspirin,clopidogrel",upper gastrointestinal haemorrhage,FALSE
negsent1_877,"vancomycin,intraventricular vancomycin",shunt infection,FALSE
negsent1_1429,olanzapine,fatal agranulocytosis,FALSE
pos_923,tegretol,siadh,FALSE
pos_2319,tigecycline,acute pancreatitis,FALSE
pos_2322,leuprolide acetate,myositis,FALSE
pos_3636,levodopa,"myoclonus,seizures",FALSE
negsent1_268,desmopressin,"provides symptomatic relief,serious complications",FALSE
negsent1_775,progestin,active hyperplasia,FALSE
pos_3766,m-csf,macrophage-related glomerular injury,FALSE
negsent1_1082,insulin,,FALSE
pos_3603,valproic acid,altered mental status,FALSE
pos_3344,metformin,miliary tuberculosis,FALSE
pos_1448,venlafaxine,"ui,urinary incontinence",FALSE
pos_885,rh,bilateral gynaecomastia,FALSE
pos_1903,"cyclosporine,simvastatin",rhabdomyolysis,FALSE
pos_3229,glibenclamide,"cutaneous bullae,intrahepatic cholestasis",FALSE
pos_2374,nitrofurantoin,acute liver damage,FALSE
pos_3823,cyclophosphamide,sarcoma,FALSE
pos_1313,mmf,bone marrow toxicity,FALSE
pos_4129,sulprostone,"cardiac arrest,coronary spasm",FALSE
pos_894,"bromocriptine,cabergoline",pleuropulmonary abnormalities,FALSE
negsent1_811,lithium,,FALSE
pos_2884,phenytoin,hypersensitivity reactions,FALSE
negsent1_330,carbamazepine,deposits disappeared,FALSE
pos_3055,doxorubicin,cardiotoxicity,FALSE
pos_959,colchicine,myopathy,FALSE
pos_3292,gold,lichen planus,FALSE
pos_3134,tamoxifen,retinal changes,FALSE
pos_4238,vinorelbine,syndrome of inappropriate antidiuretic hormone,FALSE
pos_477,sulphasalazine,"fatal,immunoallergic reaction,sulphasalazine syndrome",FALSE
pos_2602,"bleomycin,oxygen",pulmonary toxicity,FALSE
pos_4265,metoclopramide,nonthrombocytopenic vascular-type palpable purpura,FALSE
pos_3236,cyclofenil,hepatic reactions,FALSE
pos_3567,"ethambutol,isoniazid",development of visually related side effects,FALSE
pos_1655,bp,severe angioedematous reaction,FALSE
pos_3854,mequitazine,"erythematous macule,immediate erythema",FALSE
neg_145,theophylline,ulcer,FALSE
pos_1620,ivermectin,severe hepatitis,FALSE
pos_1231,"carbamazepine,dantrolene,oxybutynin",carbamazepine intoxication,FALSE
negsent1_576,"carbamazepine,carbamazepine-10,11-epoxide",,FALSE
pos_2541,sulfadiazine,crystalluria,FALSE
negsent1_619,sertraline,depression,FALSE
pos_2673,amiodarone,thyrotoxicosis,FALSE
pos_1910,atra,teratogenic effect,FALSE
pos_334,quetiapine,exacerbating ocs,FALSE
pos_1296,fluphenazine,"neuroleptic malignant syndrome,nms",FALSE
pos_987,tacrolimus,rsds,FALSE
pos_467,amphotericin b,seizures,FALSE
pos_3962,methotrexate,pneumonitis,FALSE
negsent1_1290,sumatriptan,,FALSE
pos_3648,amphotericin b,fatal,FALSE
negsent1_1222,iodine,wound sepsis,FALSE
pos_811,salazosulfapyridine,infectious mononucleosis-like syndrome,FALSE
pos_2812,desipramine,"anhedonic ejaculation,ejaculation without orgasm",FALSE
pos_234,colchicine,myopathy,FALSE
pos_1603,olanzapine,"uncontrolled diabetes,weight gain",FALSE
pos_3150,chlorpropamide,hemolytic anemia,FALSE
pos_4052,enalapril,"acute renal failure,severe tubulointerstitial changes",FALSE
pos_66,brimonidine,central nervous system depression,FALSE
pos_2238,ethambutol,"bitemporal visual field defects,decreased visual acuity",FALSE
pos_4134,flutamide,decoupling of psa response,FALSE
pos_1280,btx-b,parasympathetic dysfunction of the visual system,FALSE
pos_3029,methysergide,migraine headaches,FALSE
pos_914,valproic acid,coma,FALSE
pos_1941,infliximab,mycobacterium marinum infection,FALSE
pos_3446,inh,seizures,FALSE
negsent1_1355,"cyclosporine,amlodipine",hypertension,FALSE
pos_3666,foscarnet,electrolyte disorders,FALSE
neg_76,"o,p'-ddd",hypoadrenalism,FALSE
pos_1892,carbamazepine,hypersensitivity syndrome,FALSE
pos_1310,mmf,neutropenia,FALSE
pos_2127,hydroxyurea,myeloproliferative disorder,FALSE
pos_3022,carbamazepine,"dystonia,opisthotonus",FALSE
pos_1556,"ifn-alpha,interferon-alpha",autoimmune thyroid disease,FALSE
pos_175,flecainide,"acute respiratory failure,pneumonitis",FALSE
pos_1027,doxorubicin,severe myelopathy,FALSE
negsent1_935,isotretinoin,complete for normal retinol binding sites,FALSE
pos_4007,suramin,renal failure,FALSE
negsent1_1069,digoxin,resuscitative efforts,FALSE
pos_1754,"erlotinib,gefitinib",acute severe hepatitis,FALSE
pos_524,tamoxifen,endometrial carcinoma,FALSE
pos_1623,gemcitabine,rectus abdominus radiation recall,FALSE
pos_734,mtx,"chest tightness,cough,diffuse urticaria,facial swelling,hypersensitivity reaction",FALSE
pos_2748,valproate,"abnormal posture of extreme forward flexion,camptocormia",FALSE
pos_1778,imatinib,fatal venous thrombembolism,FALSE
pos_2386,amikacin,"severe hypocalcemia,type 5 bartter-like syndrome",FALSE
negsent1_1481,niacin,hypercholesterolemia,FALSE
pos_1748,"actinomycin-d,mithramycin,nsc-24559,nsc-3053",exacerbations of the heart failure,FALSE
negsent1_245,olanzapine,gas chromatography-mass spectrometry,FALSE
negsent1_685,methylprednisolone,pneumonitis,FALSE
pos_1712,indomethacin,premature closure of the ductus arteriosus,FALSE
pos_1135,"ciprofloxacin,glyburide",prolonged hypoglycemia,FALSE
pos_368,fluvoxamine,increased libido,FALSE
pos_2699,sulfasalazine,"lupus,pulmonary parenchymal involvement,serositis",FALSE
pos_82,cp,"embryopathy,multiple congenital anomalies",FALSE
pos_4031,az,"acute hemorrhagic gastritis,az intoxication",FALSE
negsent1_351,olanzapine,"hyperglycemia,medical sequelae",FALSE
pos_921,desmopressin,"hyponatremia,seizure",FALSE
pos_562,porcine factor viii,thrombotic stroke,FALSE
pos_156,tca,cushing's syndrome,FALSE
negsent1_1291,"phenelzine,venlafaxine",headache,FALSE
pos_4114,risperidone,increase affect,FALSE
pos_3561,"clindamycin,trimethoprim-sulfamethoxazole","cholestatic liver disease,ductopenia,vanishing bile duct syndrome",FALSE
pos_2378,lamotrigine,severe apnea,FALSE
pos_3435,gold,severe neutropenia,FALSE
pos_678,rifabutin,"anterior segment deposits,retinal dysfunction",FALSE
pos_3080,penicillamine,optic neuropathy,FALSE
pos_4152,g-csf,leukaemoid monocytosis,FALSE
pos_3937,"cyclosporin,ganciclovir","eye movement abnormality,transient brain stem or neuromuscular dysfunction",FALSE
negsent1_1235,"phenol,phenol-glycerine,phenol-glycerine infusion","intrathecal,relief of severe pain in terminal carcinomatosis,dramatic regional anesthetic effect",FALSE
pos_470,carbamazepine,right bundle branch block,FALSE
pos_572,procarbazine,pulmonary toxicity,FALSE
pos_3741,foscarnet,"polyuria,thirst",FALSE
pos_1044,ciprofloxacin,psychosis,FALSE
pos_2801,cyclosporine a,"effective renal plasma flow,loss of glomerular filtration rate",FALSE
pos_4082,heroin,ballistic movements,FALSE
negsent1_171,zomepirac,renal cortical necrosis,FALSE
negsent1_839,baclofen,spasticity of spinal cord and cerebral origin,FALSE
pos_3560,"5-fu,warfarin",increase in inr,FALSE
negsent1_891,nifedipine,"decreased acid reflux,endoscopic improvement",FALSE
pos_2436,imatinib mesylate,kaposi's sarcoma,FALSE
negsent1_297,ceftriaxone,"acute exudative tonsillitis,otitis media",FALSE
pos_1455,vardenafil,symptomatic paroxysmal atrial fibrillation,FALSE
pos_1526,triazolam,eating disorder,FALSE
pos_611,gelofusine,gelofusine allergy,FALSE
negsent1_1072,phenytoin,seizures,FALSE
pos_4149,fludarabine phosphate,respiratory syncytial virus (rsv) infection,FALSE
pos_2553,"ara-c,mtx","death,loss of consciousness,progressive visual loss",FALSE
pos_3466,mefloquine,hypoglycaemia,FALSE
pos_444,indinavir,papillary necrosis,FALSE
pos_224,valproate,menstrual cycle disturbances,FALSE
pos_1128,imatinib,blast crisis,FALSE
pos_852,risperidone,obsessive-compulsive symptoms,FALSE
negsent1_219,phenobarbital,positive response,FALSE
pos_3220,cinepazide,behavioral change,FALSE
pos_1783,"fluvoxamine maleate,milnacipran hydrochloride",piloerection,FALSE
negsent1_331,methylprednisolone,,FALSE
neg_35,ofloxacin,"toxic epidermal necrolysis,stevens-johnson syndrome",FALSE
pos_3510,mannitol,anuric arf,FALSE
pos_2288,octreotide,serious hypoglycemia,FALSE
pos_3588,didanosine,"fulminant hepatitis,severe lactate acidosis",FALSE
pos_1714,moxifloxacin,corneal ulcers,FALSE
pos_2671,"cytarabine,methotrexate",central nervous system toxicity,FALSE
pos_5,naproxen,erythropoietic protoporphyria,FALSE
pos_631,verapamil,proarrhythmic effect,FALSE
pos_210,cyanamide,inflammation,FALSE
pos_2564,"glipizide,sulfamethoxazole,trimethoprim",symptomatic hypoglycemia,FALSE
pos_1531,"interferon alpha,ribavirin",sarcoidosis,FALSE
pos_1866,colchicine,"fatigue,leg weakness,myalgia",FALSE
negsent1_280,cisplatin,"transcatheter arterial infusion,embolization therapy",FALSE
negsent1_1182,chloral hydrate,overdose,FALSE
pos_320,nevirapine,stevens-johnson syndrome,FALSE
pos_3335,quinine sulfate,"abnormal visual-evoked potentials,denervation supersensitivity,total blindness with a transient tonic pupillary response",FALSE
pos_3437,amphotericin b,cardiac arrhythmia,FALSE
pos_1773,lithium,pulmonary hypertension,FALSE
pos_481,"cddp,cisplatin,vds,vindesine","siadh,syndrome of inappropriate secretion of antidiuretic hormone",FALSE
negsent1_567,infliximab,,FALSE
pos_3032,lithium carbonate,renal damage,FALSE
pos_491,"amodiaquine,artesunate",hepatitis,FALSE
pos_3192,bcnu,fatal pulmonary fibrosis,FALSE
pos_2442,interferon,psychosis,FALSE
pos_1497,heparin,thrombosis,FALSE
negsent1_246,interferon beta-1a,multiple sclerosis,FALSE
pos_3423,propafenone,transient global amnesia,FALSE
neg_95,pfviii,thrombosis,FALSE
pos_2279,"efalizumab,etanercept",tuberculosis,FALSE
pos_3360,doxorubicin,cardiac arrest,FALSE
pos_3552,ifn,iddm,FALSE
pos_414,dexamethasone,bilateral avascular necrosis of the femoral heads,FALSE
pos_3356,vinblastine,inappropriate secretion of antidiuretic hormone,FALSE
negsent1_1269,co-trimoxazole,normalized serum potassium level,FALSE
negsent1_1210,vancomycin,was the only culprit,FALSE
negsent1_129,clonazepam,behavioral side effects,FALSE
negsent1_1457,prednisone,systemic lupus erythematosus,FALSE
neg_28,leflunomide,infection,FALSE
pos_532,"metoclopramide,sertraline,venlafaxine","extrapyramidal reactions,serotonin syndrome",FALSE
pos_1083,pegylated interferon alpha,acute dystonia,FALSE
negsent1_734,"diamorphine,bupivacaine","subarachnoid anaesthesia,hip arthroplasty",FALSE
negsent1_428,progestin,endometrial hyperplasia,FALSE
pos_2090,copaxone,crohn's disease,FALSE
pos_3218,cimetidine,fever,FALSE
negsent1_95,silver sulfadiazine,30% scald burn,FALSE
pos_1924,methotrexate,"fever,hypoxia,pneumocystis pneumonia,pulmonary infiltrates",FALSE
pos_3490,"5-fluorouracil,levamisole",leukoencephalopathy,FALSE
pos_1254,penicillin,neutropenia,FALSE
pos_2985,chlorambucil,central nervous toxicity,FALSE
pos_1982,etanercept,"cd,immune-mediated injury",FALSE
negsent1_238,ketoralac,"hearing loss,ototoxic effects",FALSE
pos_4237,vinorelbine,"siadh,syndrome of inappropriate antidiuretic hormone",FALSE
pos_1181,sertraline,intense itching sensation,FALSE
pos_3763,macrophage-colony-stimulating factor,nephrotic syndrome,FALSE
pos_170,uft,scleroderma-like reaction,FALSE
negsent1_945,sertraline,"depression,fractured tibia",FALSE
pos_3499,"aminotriazole,bromocil,diuron",generalized cutaneous sclerosis,FALSE
pos_1645,"sasp,sulphasalazine",psoriasis-like skin reaction,FALSE
pos_195,zolmitriptan,spinal cord infarction,FALSE
pos_3097,cefmenoxime,disulfiram-like reactions,FALSE
pos_2999,rifampicin,renal failure,FALSE
pos_3125,"auranofin,gold,tolmetin","gold nephropathy,pseudoproteinuria",FALSE
negsent1_580,cyclophosphamide,advanced breast cancer,FALSE
pos_2092,copaxone,"crohn's disease,long-term immunosuppression",FALSE
neg_81,levodopa,dyskinesia,FALSE
negsent1_537,itraconazole,exacerbation of clinical signs,FALSE
negsent1_683,clozapine,,FALSE
pos_2681,lithium,neurotoxicity,FALSE
negsent1_1319,valproate,"status epilepticus,cardiovascular safety",FALSE
pos_2431,ritodrine,"mobitz type i,type i second-degree av block,wenckebach av block",FALSE
pos_1302,rifabutin,corneal endothelial deposits,FALSE
neg_67,cap,neurotoxicity,FALSE
pos_2701,sulfasalazine,"bilateral pleural effusions,cardiac tamponade,pneumonitis,positive autoantibodies",FALSE
negsent1_1378,"temozolomide,amoxicillin,gentamicin,atovaquone,pentamidine",discontinuation of radiotherapy,FALSE
pos_249,propafenone,ataxia,FALSE
pos_1001,amifostine,fever,FALSE
negsent1_781,5-fluorouracil,"primary open-angle glaucoma,ocular cicatricial pemphigoid,trabeculectomy",FALSE
pos_1459,senna,"liver injury,subacute cholestatic hepatitis",FALSE
pos_1057,phenobarbital,"behavioral side effects,exacerbation of preexisting maladaptive behaviors",FALSE
pos_3787,fluticasone propionate,"adrenal suppression,growth may be retarded",FALSE
pos_877,"ciprofloxacin,piperacillin,tazobactam",thrombocytosis,FALSE
pos_2880,streptokinase,fatal massive pulmonary embolus,FALSE
negsent1_114,bisphosphonate,,FALSE
pos_1730,"azathioprine,cyclosporin,prednisone",thrombosis,FALSE
pos_967,dexamethasone,"infectious complications,infectious toxicities",FALSE
pos_632,verapamil,non-sustained polymorphic ventricular tachycardia,FALSE
negsent1_833,sorafenib,interstitial lung disease,FALSE
pos_4064,ticlopidine,"aplastic anemia,severe bone marrow suppression",FALSE
negsent1_539,cyclosporin,increased platelet aggregation,FALSE
pos_2853,amoxapine,cognitive impairment,FALSE
pos_944,l-dopa,unintended sleep episodes,FALSE
pos_1268,flucloxacillin,"aplastic anaemia,fulminant hepatic failure",FALSE
neg_139,"calcium polystyrene sulfonate,sorbitol",colonic ulcer,FALSE
pos_2744,acth,hyperkalemia,FALSE
negsent1_786,aminoglutethimide,toxicity,FALSE
pos_3616,clonidine,bradycardia,FALSE
pos_33,aspirin,"angioedema,systemic anaphylactoid reaction,urticaria",FALSE
negsent1_881,propafenone,adverse effect,FALSE
pos_563,pfviii,thrombotic left middle cerebral artery distribution stroke,FALSE
neg_127,ifn,iddm,FALSE
negsent1_89,"lamotrigine,sertraline",,FALSE
pos_1423,levodopa,augmentation,FALSE
pos_853,risperidone,obsessive-compulsive symptoms,FALSE
negsent1_541,"chloroquine,quinine",,FALSE
pos_2697,amantadine,schizophrenia,FALSE
pos_203,etoposide,t-aml,FALSE
pos_2688,alprazolam,mania,FALSE
pos_2435,rituximab,"kaposi's sarcoma,ks",FALSE
neg_69,amiodarone,hypothyroidism,FALSE
pos_3487,tamoxifen,"endometriosis,ovarian endometrioid carcinoma",FALSE
pos_3297,lithium,biochemical hyperparathyroidism,FALSE
pos_111,gemcitabine,thrombotic microangiopathy,FALSE
pos_3855,"mequitazine,promethazine","cross-reaction to promethazine,decreased med to both uva and uvb,erythema,persistence of the photosensitivity",FALSE
negsent1_1286,"busulfan,melphalan,induction chemotherapy,high-dose chemotherapy,peripheral stem-cell rescue,radiotherapy",radiotherapy to the primary tumour site,FALSE
pos_1631,pegvisomant,hepatic enzyme disturbances,FALSE
pos_633,epsilon-aminocaproic acid,renal complications,FALSE
negsent1_103,desmopressin,"childhood enuresis,seriousness of certain side-effects",FALSE
pos_1211,methylprednisolone,vision declined,FALSE
pos_751,6-tg,elevation of serum transaminases,FALSE
pos_2758,allopurinol,hypersensitivity,FALSE
pos_219,"ethambutol,rifampicin","anti-native dna antibodies,hepatitis,polyarthritis",FALSE
pos_4200,isosorbide dinitrate,"blood pressure decreased,sudden decrease in pulse rate,syncope",FALSE
pos_2791,captopril,asthma,FALSE
pos_1233,"carbamazepine,dantrolene,oxybutynin",carbamazepine toxicity,FALSE
pos_3694,piritrexim,pulmonary toxicity,FALSE
negsent1_1040,quinine,leg cramps,FALSE
pos_3158,methylprednisolone,anaphylactoid reaction,FALSE
pos_1167,cap,peripheral neuropathy,FALSE
pos_83,cyclosposphamide,"blepharophimosis,craniosynostosis,developmental delay,distal limb defects,flat nasal bridge,hypoplastic thumbs,oligodactyly",FALSE
pos_3717,risperidone,"encephalopathy,worsened motorically",FALSE
pos_3568,ethambutol,ocular toxicity,FALSE
pos_2096,terlipressin,ventricular arrhythmia,FALSE
pos_447,indinavir,nephrotoxicity,FALSE
neg_68,human insulin,lipoatrophy,FALSE
pos_1749,adriamycin,cardiomyopathy,FALSE
negsent1_335,warfarin,"chronic atrial fibrillation,prosthetic valve replacements",FALSE
pos_3039,aspirin,tracheal compression,FALSE
pos_1043,ciprofloxacin,severe psychosis,FALSE
negsent1_1015,"caffeine,esmolol","dysrhythmias,toxicity",FALSE
pos_628,pioglitazone,bilateral lower leg edema,FALSE
negsent1_698,"interferon,ribavirin,neuroleptics",psychosis,FALSE
pos_3145,lorcainide,decrease in serum na+,FALSE
negsent1_814,"arsenic trioxide,chemotherapy",,FALSE
pos_1887,oxcarbazepine,angioneurotic edema,FALSE
negsent1_547,fluoxetine,,FALSE
pos_1805,methotrexate,renal failure,FALSE
pos_1710,indomethacin,premature closure of the ductus arteriosus,FALSE
pos_3927,colchicine,delay of corneal wound healing,FALSE
pos_1300,"bicalutamide,leuprorelin acetate",interstitial pneumonitis,FALSE
pos_3710,"recombinant tissue-type plasminogen activator,t-pa","cholesterol crystal embolization,renal failure",FALSE
negsent1_124,"gold,intramuscular (im) gold treatment",,FALSE
pos_1741,avastin,transient structured visual hallucinations,FALSE
pos_3452,progestin,squamous metaplasia within endometrial glands,FALSE
pos_79,venlafaxine,acute cardiovascular event,FALSE
pos_379,"omeprazole,pantoprazole",peripheral edema,FALSE
pos_1554,"steroid,triamcinolone acetonide",glaucoma,FALSE
pos_1776,perospirone hydrochloride,"circulatory collapse,deep coma",FALSE
pos_3030,rifampicin,erythema multiforme bullosum,FALSE
negsent1_49,"levamisole,warfarin","atrial fibrillation,colon cancer",FALSE
negsent1_1338,disulfiram,poor prognosis,FALSE
negsent1_334,pegfilgrastim,,FALSE
pos_493,8-mop,systemic allergic contact dermatitis,FALSE
pos_1385,pergolide,pleuropulmonary fibrosis,FALSE
pos_908,carbamazepine,"sle,systemic lupus erythematosus",FALSE
negsent1_183,"carbamazepine,diphenylhydantoin",biopsies,FALSE
pos_1213,aza,allergy,FALSE
negsent1_1482,gemcitabine,pancreatic cancer,FALSE
pos_3884,methotrexate,"erosion of psoriatic plaques,methotrexate toxicity",FALSE
pos_1496,heparin,"thrombocytopenia,thrombosis syndrome",FALSE
negsent1_411,"hyaluronate,hyaluronate viscosupplementation",aseptic technique,FALSE
pos_2595,quinine,sensorineural hearing loss,FALSE
pos_3839,lithium carbonate,creutzfeldt-jakob like syndrome,FALSE
pos_3606,valproic acid,"hyperammonemia,lethargy",FALSE
pos_2942,amiodarone,"atrioventricular block,hypothyroidism",FALSE
pos_3469,mefloquine,hypoglycaemia,FALSE
pos_1217,ziprasidone,td,FALSE
pos_78,venlafaxine,ischaemic events,FALSE
pos_56,insulin,protamine allergy,FALSE
pos_3418,"amitriptyline,lithium carbonate",neuroleptic malignant syndrome,FALSE
pos_1829,danazol,hepatic damage,FALSE
negsent1_757,cyproterone acetate,liver abnormalities,FALSE
pos_3571,zidovudine,"fetal abnormality,first trimester abortions",FALSE
negsent1_513,ciprofloxacin,infected diabetic and ischemic ulcers,FALSE
pos_1722,benfluorex,valvular heart disease,FALSE
pos_3083,"accutane,isotretinoin",transient acute myopia,FALSE
pos_2072,olanzapine,rls,FALSE
pos_760,clozapine,akathisia,FALSE
pos_3647,amphotericin b,cardiac arrest,FALSE
pos_300,pcc,mi,FALSE
pos_1492,furosemide,pancreatitis,FALSE
negsent1_944,propofol,its development,FALSE
pos_2776,diltiazem,cutaneous vasculitis,FALSE
negsent1_371,tiagabine,"withdrawn,continued at a lower dosage",FALSE
pos_3911,methicillin,"focal glomerulonephritis,interstitial nephritis",FALSE
pos_40,olanzapine,elevated serum ck concentration,FALSE
neg_10,dscg,urticaria,FALSE
pos_3197,amiodarone hydrochloride,"cough,diffuse pulmonary infiltrates,dyspnea,pulmonary toxicity",FALSE
pos_1477,bisphosphonate,"renal impairment,symptomatic hypocalcaemia",FALSE
pos_1222,atra,ulcer,FALSE
negsent1_1135,ifosfamide,"nephrotoxic chemotherapy,inadequate renal perfusion",FALSE
pos_3620,sulfamethoxazole-trimethoprim,"hyperkalaemia,renal tubular dysfunction",FALSE
negsent1_583,13-cis-retinoic acid,,FALSE
pos_2722,nifedipine,dysphagia for solids,FALSE
neg_105,inh,seizures,FALSE
pos_2331,olanzapine,priapism,FALSE
pos_1614,carbamazepine,"cutaneous rashes,eruptions",FALSE
pos_807,5-asa,sensorimotor polyneuropathy,FALSE
pos_65,brimonidine,central nervous system depression,FALSE
negsent1_1304,vasopressin,gastrointestinal hemorrhage,FALSE
pos_1380,hyaluronate,septic knee arthritis,FALSE
pos_3149,"chlorpropamide,glyburide",acute intravascular hemolysis,FALSE
negsent1_424,"protamine,antiprotamine",,FALSE
negsent1_639,"interferon alpha,interferon alpha-2b",treatment,FALSE
negsent1_37,"amiodarone,digoxin",ocular examination,FALSE
negsent1_83,captopril,,FALSE
pos_1444,interferons,renal toxicity,FALSE
negsent1_44,apomorphine,abnormal movements,FALSE
negsent1_113,disulfiram,"lethal, complication",FALSE
pos_2468,"immunoglobulin,ivig","azotemia,hyperkalemia,nausea,shortness of breath",FALSE
pos_984,phenytoin,erythema multiforme,FALSE
neg_61,sunitinib,gynaecomastia,FALSE
pos_931,ifn,"chf,congestive heart failure",FALSE
pos_2282,zidovudine,hyperlactatemia relapse,FALSE
pos_3826,nitrofurantoin,"acute pulmonary reactions,pulmonary dysfunction",FALSE
pos_314,heparin,thrombocytopenia,FALSE
negsent1_302,verapamil,"adverse effect,myasthenia gravis",FALSE
negsent1_94,phenobarbital,extensive cytotoxicity,FALSE
pos_1940,efavirenz,psychosis,FALSE
pos_4198,isosorbide dinitrate,syncope,FALSE
pos_2575,phenobarbital,hepatotoxicity,FALSE
negsent1_1364,reserpine,,FALSE
pos_943,fk506,rta,FALSE
pos_3736,phenytoin,phenytoin toxicity,FALSE
negsent1_1205,bupropion,major depression,FALSE
pos_1934,dobutamine,myoclonic muscle spasms,FALSE
pos_2440,interferon,psychosis,FALSE
pos_1413,desferrioxamine,transfusion haemosiderosis,FALSE
pos_3457,"cyclophosphamide,ifosfamide",musculoskeletal complaints,FALSE
pos_4162,"theophylline,zafirlukast",increase in the theophylline level,FALSE
pos_2870,amiodarone,torsade de pointes,FALSE
pos_58,"insulin,nph insulin",allergic symptoms,FALSE
pos_3876,fludarabine,"aiha,fatal intravascular autoimmune hemolytic anemia",FALSE
pos_2757,isotretinoin,"abnormalities of the corticospinal tracts,agenesis of the cerebellar vermis,hydrocephalus,multiple leptomeningeal neuroglial heterotopias,teratogenicity",FALSE
pos_1770,bevacizumab,"age-related macular degeneration,painless infectious endophthalmitis",FALSE
pos_2523,aminoglutethimide,skin toxicity,FALSE
negsent1_1479,venlafaxine,ocular pressure,FALSE
negsent1_1137,ritodrine hydrochloride,,FALSE
pos_2357,bevacizumab,"carotid insufficiency,coagulopathy,poorly controlled diabetes mellitus",FALSE
negsent1_8,doxorubicin,,FALSE
negsent1_1477,"cyclosporine,tacrolimus,amlodipine",symptoms were resolved,FALSE
pos_2763,vincristine,severe visual loss,FALSE
pos_2629,fluoxetine,akathisia,FALSE
pos_3096,acth,cerebral atrophy,FALSE
pos_3369,barbiturate,submassive hepatic necrosis,FALSE
pos_3943,itraconazole,drug eruption,FALSE
negsent1_551,gemcitabine,rare but disastrous complication,FALSE
pos_3119,phenytoin,focal neurological deficit,FALSE
pos_754,"propranolol,propylthiouracil",fulminant hepatic failure,FALSE
pos_1547,sumatriptan,symptomatic cerebral vasospasm,FALSE
pos_3383,"methimazole,mmi","acc,aplasia cutis congenita",FALSE
pos_554,itraconazole,"cholangiopathy,ductopenia",FALSE
pos_1195,busulfan,"hvod,pvt",FALSE
pos_119,"hydroxyurea,sodium phenylbutyrate",increase fetal hemoglobin,FALSE
pos_2951,propranolol,esophageal spasm,FALSE
negsent1_700,"cyclosporin,ganciclovir",signs resolved,FALSE
pos_636,lidocaine,dilated pupils,FALSE
pos_1870,colchicine,rhabdomylysis,FALSE
pos_2522,aminoglutethimide,rash,FALSE
negsent1_544,lenalidomide,progressive pancytopenia,FALSE
pos_3600,procainamide,shocks,FALSE
negsent1_1413,nimesulide,ingested therapeutic doses,FALSE
pos_3284,l-asparaginase,delayed pseudocyst of the pancreas,FALSE
pos_1763,"sulfamethoxazole,trimethoprim","fulminant microangiopathic hemolytic anemia,thrombocytopenia",FALSE
negsent1_538,"verapamil,propranolol",supraventricular tachycardia,FALSE
pos_3841,lithium,"creutzfeldt-jakob disease,lithium neurotoxicity",FALSE
pos_13,riluzole,hepatitis,FALSE
pos_3751,streptokinase,jaundice,FALSE
pos_3063,ergotamine,arteriospasm,FALSE
negsent1_1316,streptokinase,"thrombolysis,plasma fibrinogen level rose",FALSE
negsent1_940,retinoic acid,acute promyelocytic leukemia,FALSE
negsent1_1095,risperidone,"mild mental retardation,aggression",FALSE
negsent1_744,"dopamine,dopamine infusion",,FALSE
pos_1369,imiquimod,eruptive epidermoid cysts,FALSE
pos_1883,"mycophenolate mofetil,prednisone",red blood cell anemia,FALSE
negsent1_598,"thiopurine,6-mercaptopurine,azathioprine",,FALSE
negsent1_386,dextroamphetamine,treatment of attention deficit hyperactivity disorders in children,FALSE
pos_1680,thrombin,arterial thrombosis,FALSE
pos_3812,lithium,cdi,FALSE
neg_7,chlorambucil,aml,FALSE
pos_3919,"5-fluorouracil,5-fu",lethal adverse reactions,FALSE
pos_1332,bupropion,falling backward,FALSE
pos_317,lead,lead toxicity,FALSE
pos_3224,gold-salt,nephropathy,FALSE
pos_4176,alprazolam,decreased plasma cortisol level,FALSE
negsent1_221,mesalamine,symptoms improved,FALSE
pos_4121,risperidone,tardive dyskinesia,FALSE
negsent1_826,"ferrous sulfate,thyroid hormone preparation",,FALSE
pos_848,levetiracetam,acute psychosis,FALSE
negsent1_714,clonidine,unusual adverse effect,FALSE
pos_1709,"warfarin,heparin","skin necrosis,thrombocytopenia",FALSE
pos_3395,gold,neurological side effects,FALSE
negsent1_370,brimonidine,recovered spontaneously,FALSE
negsent1_255,"vinblastine,adriamycin,bleomycin,dacarbazine",neurotoxic crisis,FALSE
negsent1_1116,triamcinolone acetonide,cystoid macular edema,FALSE
pos_208,cyanamide,"ground-glass hepatocytes,septum-like liver fibrosis",FALSE
pos_1486,methotrexate,acute renal failure,FALSE
negsent1_136,tacalcitol,,FALSE
pos_1269,zoledronic acid,"bronchospasm,carpopedal spasm",FALSE
pos_1726,tacrolimus,"arf,hus",FALSE
pos_2173,etanercept,thymic enlargement,FALSE
negsent1_404,cisplatin,,FALSE
pos_4124,procainamide,"glomerulonephritis,lupus erythematosus",FALSE
pos_2015,imatinib,hepatotoxicity,FALSE
pos_3235,disulfiram,catatonic syndrome,FALSE
pos_1750,mesalazine,"cardiac hypersensitivity,myopericarditis",FALSE
pos_3338,niflumic acid,fluorosis,FALSE
pos_4038,heparin,"thrombocytopenia,thrombosis syndrome",FALSE
negsent1_19,"azathioprine,tacrolimus",,FALSE
negsent1_14,theophylline,"intoxication,decrease in theophylline clearance,patient's death",FALSE
pos_2617,dextran-40,acute renal failure,FALSE
negsent1_1494,chlorambucil,"drug reaction,chemotherapy",FALSE
pos_1017,methotrexate,pneumonitis,FALSE
pos_3128,cyclophosphamide,"fibrosis,interstitial pneumonitis",FALSE
negsent1_446,nefazodone,depression,FALSE
neg_3,warfarin,diarrhea,FALSE
pos_3543,amd,liver failure,FALSE
pos_2627,fluoxetine,akathisia,FALSE
negsent1_1011,naloxone,,FALSE
negsent1_1337,interferon,ophthalmologic complications,FALSE
pos_1985,etanercept,cd,FALSE
pos_459,salsalate,lichenoid eruption,FALSE
negsent1_633,cyclosporine,"renal impairment,end-stage renal failure,myasthenia gravis",FALSE
negsent1_777,adalimumab,co-administered,FALSE
pos_955,ethambutol,bilateral optic neuropathy,FALSE
pos_708,tamoxifen,malignant transformation of endometriosis,FALSE
pos_2583,"methotrexate,mtx",ascites,FALSE
pos_420,apv,bleeding,FALSE
pos_3725,hydroxyurea,acute myeloid leukemia,FALSE
pos_3103,captopril,nonoliguric acute renal failure,FALSE
pos_2214,sunitinib,acute interstitial nephritis,FALSE
pos_3827,nitrofurantoin,pulmonary side effects,FALSE
neg_85,"smx,tmp","meningitis,aseptic meningitis",FALSE
pos_1967,methotrexate,papular eruption,FALSE
pos_2152,aspirin,hemorrhage,FALSE
pos_1028,doxorubicin,toxic myelopathy,FALSE
pos_2693,sulfasalazine,"bronchopulmonary complications of inflammatory bowel disease,ibd",FALSE
negsent1_994,sertraline,,FALSE
pos_4197,pranlukast,anemia,FALSE
pos_122,"hu,sodium phenylbutyrate",increasing hb f,FALSE
pos_1592,statin,myasthenia gravis,FALSE
pos_4169,diphenhydramine,"anticholinergic symptoms,drug-seeking behavior",FALSE
negsent1_524,nitrofurantoin,acute reaction,FALSE
pos_1604,lasik,"enterobacter keratitis,traumatic flap dehiscence",FALSE
pos_1945,clozapine,tardive oculogyric crisis,FALSE
pos_1330,pentamidine,"second-degree heart block,sinus bradycardia",FALSE
pos_1185,flupirtine,paradoxical cerebral cortical hyperexcitability,FALSE
pos_418,"gentamycin,tobramycin",ulcer became worse,FALSE
pos_2216,haloperidol,extrapyramidal symptoms,FALSE
negsent1_1056,"methotrexate,steroid","dermatomyositis-polyositis,dermatomyositis-polymyositis,steroid-related effects",FALSE
pos_637,2-deoxycoformycin,"acute myeloid leukemia,myelodysplasia",FALSE
pos_290,hyperbaric oxygen,morbidity,FALSE
pos_2281,"stavudine,zidovudine",symptomatic hyperlactatemia,FALSE
pos_4117,methanol,methanol poisoning,FALSE
negsent1_1268,erlotinib,,FALSE
pos_1775,infliximab,arthritis,FALSE
pos_755,propylthiouracil,fulminant hepatitis,FALSE
pos_3430,fluvoxamine,akathisia,FALSE
pos_3975,"bleomycin,cyclophosphamide",metastatic nodules,FALSE
pos_2140,"cephalosporins,ceftriaxone",fde,FALSE
negsent1_778,amifostine,"adverse event,hospital admission",FALSE
pos_665,gemcitabine,hus,FALSE
pos_2944,ampicillin,electrical decrement,FALSE
negsent1_790,clomiphene citrate,uveitis,FALSE
pos_301,quinine,thrombocytopenia,FALSE
pos_707,tamoxifen,ovarian cancer,FALSE
neg_162,levodopa,augmentation,FALSE
pos_2335,ketamine,urological symptoms,FALSE
negsent1_121,interferon-alpha,,FALSE
negsent1_414,trastuzumab,"pulmonary syndrome,toxicity",FALSE
pos_1835,ethambutol,rapid cognitive decline,FALSE
negsent1_617,"propafenone,citalopram",,FALSE
negsent1_180,theophylline,intoxication,FALSE
pos_3458,ifosfamide,fanconi syndrome,FALSE
pos_2856,ibuprofen,severe systemic hypersensitivity reaction,FALSE
negsent1_910,"chlorpropamide,glyburide",hemolytic anemia,FALSE
pos_3321,"dihydroxybusulfan,treosulfan",acute non-lymphocytic leukemia,FALSE
negsent1_274,"retinoic acid,chemotherapy","acute promyelocytic leukemia,adverse effects",FALSE
negsent1_160,"etanercept,methotrexate",rheumatoid arthritis,FALSE
pos_799,doxycycline,"aild,fever,generalized pruritic maculopapular eruption",FALSE
pos_4039,heparin,skin necrosis,FALSE
pos_2865,cyclophosphamide,upper tract neoplasms,FALSE
pos_973,yohimbine,severe raynaud's phenomenon,FALSE
negsent1_707,"fluoxetine,norfluoxetine",autopsy,FALSE
pos_2490,hydroxychloroquine,retinopathy,FALSE
pos_965,"budefat,budesonide","dysphagia,sore throat,swelling of the lips and oral cavity",FALSE
pos_1382,lamivudine,adr,FALSE
negsent1_3,levothyroxine,content was 74.5% of the label claim,FALSE
pos_3407,cisplatin,anaphylactoid reactions,FALSE
negsent1_911,"protamine,insulin",,FALSE
pos_2589,methotrexate,"intracranial mass lesion,transtentorial herniation",FALSE
pos_3910,methicillin,"acute nephritic syndrome,massive proteinuria",FALSE
pos_4199,nitrate,"hypotension,unconsciousness",FALSE
pos_299,prothrombin complex concentrate,myocardial infarction,FALSE
pos_2160,"acenocoumarol,econazole",laryngeal dyspnea,FALSE
pos_166,cyclophosphamide,acute erythroid leukemia,FALSE
negsent1_286,propranolol,"unopposed alpha stimulation,beta-2 receptor blockade",FALSE
neg_73,adriamycin,cardiomyopathy,FALSE
negsent1_768,tamoxifen,breast cancer,FALSE
pos_1282,botulinum toxin type b,"parasympathetic dysfunction,visual system side effects",FALSE
pos_4130,"desmethylsertraline,lamotrigine,sertraline","doubling of the lamotrigine blood level,symptoms of toxicity",FALSE
pos_716,isradipine,hepatocellular injury,FALSE
negsent1_716,levodopa,"antiparkinsonian benefit,dyskinesia",FALSE
pos_2163,methylprednisolone,adrenal suppression,FALSE
pos_2457,methotrexate,serositis,FALSE
pos_488,vincristine,vincristine neurotoxicity,FALSE
pos_3970,hepatitis b vaccination,mental nerve neuropathy,FALSE
negsent1_589,"fluvoxamine,milnacipran,imipramine",alpha(1)-adrenoceptor occupancy by endogenous norepinephrine,FALSE
pos_3210,fenoprofen,erythroid aplasia,FALSE
pos_1983,etanercept,crohn's disease,FALSE
pos_2480,epinephrine,coronary artery vasospasm,FALSE
negsent1_742,warfarin,"respiratory failure,pulmonary embolism",FALSE
neg_64,"5-fu,cap",peripheral neuropathy,FALSE
pos_3413,interferon alfa,anterior ischemic optic neuropathy,FALSE
pos_1909,clopidogrel,sirolimus-eluting stent thrombosis,FALSE
pos_3605,valproic acid,"hyperammonemia,lethargy",FALSE
pos_3817,ofloxacin,neurotoxic effects,FALSE
pos_1962,amphotericin b,palpable purpuric skin lesions,FALSE
pos_517,methanol,visual impairment,FALSE
pos_3213,trazodone,priapism,FALSE
negsent1_808,citalopram,,FALSE
negsent1_1464,disulfiram,pregnancies,FALSE
pos_4138,hal,significant 32%-46% loss of tyrosine hydroxylase (th) immunoreactive neurons,FALSE
pos_3113,25-hydroxyvitain d3,ileal resection,FALSE
pos_2992,trazodone,movement disorder,FALSE
negsent1_1376,alpha interferon,,FALSE
pos_1362,phenylpropanolamine,intracerebral hemorrhage,FALSE
negsent1_321,"paracetamol,codeine",overdose,FALSE
pos_3493,eo,noncardiogenic pulmonary edema,FALSE
pos_107,d-pen,bicytopenia,FALSE
pos_1297,vancomycin,cerebrospinal fluid eosinophilia,FALSE
pos_2368,mtx,gastric lpd,FALSE
pos_53,paroxetine,hair loss,FALSE
pos_2872,amiodarone,torsade de pointes,FALSE
negsent1_712,clozapine,"clozapine withdrawal,serotonin syndrome",FALSE
pos_932,cyclophosphamide,neutrophilic eccrine hidradenitis,FALSE
pos_1505,triamcinolone acetonide,cataract,FALSE
negsent1_153,5-fluorouracil,,FALSE
negsent1_337,"salicylate,choline magnesium trisalicylate",,FALSE
pos_1381,lamivudine,acute dystonia,FALSE
negsent1_738,"methyl nitrite,phenylpropanolamine",,FALSE
pos_3267,captopril,"acute renal impairment,transient anuria",FALSE
negsent1_31,warfarin,antidiarrheal effects,FALSE
pos_2337,"lopinavir,ritonavir",transient cardiac arrhythmias,FALSE
pos_2414,clozapine,"discomfort,td",FALSE
pos_1649,vincristine,cranial polyneuropathy,FALSE
pos_1500,"cisplatin,cyclosporine,interferon-alpha,tacrolimus",rpls,FALSE
pos_430,taxol,"difficulty walking,loss of proprioception,marked pain",FALSE
pos_2085,levofloxacin,acute delirium,FALSE
pos_2103,"voriconazole,vrc",angio-oedema,FALSE
pos_1485,methotrexate,acute renal failure,FALSE
pos_971,infliximab,lupus,FALSE
pos_149,gliclazide,acute icteric hepatitis-like illness,FALSE
pos_2913,amsacrine,"acute myocardial infarction,focal myocardial necrosis",FALSE
pos_1460,senna,subacute cholestatic hepatitis,FALSE
negsent1_303,rituximab,neoplastic pulmonary processes,FALSE
negsent1_553,"ribavirin,alfa-interferon",,FALSE
pos_2623,bromocriptine,morphea,FALSE
pos_1898,rfp,hypothyroidism,FALSE
pos_3745,methotrexate,accelerated nodulosis,FALSE
pos_2399,gemcitabine,pulmonary toxicity,FALSE
neg_77,interferon,psychosis,FALSE
pos_1331,bupropion,falling backward,FALSE
pos_1020,warfarin,acute dissecting thoracic aortic aneurysm,FALSE
negsent1_1213,lithium,"intoxication,chronic lithium therapy",FALSE
pos_3905,isoniazid,psychotic disorder,FALSE
pos_1265,ethambutol,visual loss,FALSE
pos_154,tca,cushing's syndrome,FALSE
pos_985,"cya,tacrolimus",rsds,FALSE
negsent1_1054,cerivastatin,,FALSE
negsent1_1215,5-fluorouracil,epithelial downgrowth,FALSE
pos_566,"interferon alfa,ribavirin",granulomatosis,FALSE
pos_3638,l-dopa,"myoclonus,seizures",FALSE
negsent1_105,"sulfadiazine,pyrimethamine",treatment of choice,FALSE
pos_2047,sibutramine,hyponatremia,FALSE
pos_1587,bcnu,myocardial ischemia,FALSE
pos_1821,interferon alpha 2-beta,tumor-volume increase,FALSE
pos_4248,levomepromazine,fatal case of pancytopenia,FALSE
pos_331,cytosine arabinoside,toxic epidermal necrolysis,FALSE
negsent1_954,tobramycin,,FALSE
negsent1_508,"bretylium,bretylium tosylate","malignant ventricular arrhythmias,inadequate response to conventional agents",FALSE
pos_229,valproate,serum testosterone,FALSE
pos_727,gabapentin,"anxiety,diaphoresis,generalized seizures,palpitations,status epilepticus",FALSE
pos_2189,carbamazepine,diabetes mellitus,FALSE
pos_11,bh-ac,encephalopathy syndrome,FALSE
pos_2032,ranibizumab,sustained ocular hypertension,FALSE
pos_3778,metronidazole,pseudomembranous colitis,FALSE
pos_2267,enoxaparin,hepatotoxicity,FALSE
pos_2772,dapsone,"fever,headache,hemolysis,hepatitis,hypersensitivity syndrome,leukopenia,lymphadenopathy,mononucleosis,nausea,vomiting",FALSE
pos_3622,nitrous oxide,neurologic degeneration,FALSE
pos_1437,phenylephrine,positive u waves,FALSE
pos_1291,"carboplatin,cbdca,paclitaxel",hypersensitivity,FALSE
negsent1_540,cyclophosphamide,systemic lupus erythematosus,FALSE
pos_485,lorazepam,nonconvulsive generalized status epilepticus,FALSE
pos_3075,"propylthiouracil,ptu","eosinophilia,granulocytopenia,hepatitis,skin reaction",FALSE
pos_1441,interferon beta 1a,nephrotic syndrome,FALSE
pos_3334,quinine,"abnormal visual-evoked potentials,denervation supersensitivity,transient tonic pupillary response",FALSE
pos_1239,thalidomide,teratogenic effects,FALSE
pos_3098,cefmenoxime,disulfiram-like reaction,FALSE
negsent1_168,glipizide,"inhibition of glipizide metabolism,protein-binding displacement",FALSE
pos_795,prednisolone,diabetic milieu deteriorated,FALSE
pos_579,lansoprazole,platelet count decreased,FALSE
pos_1901,nabumetone,pulmonary fibrosis,FALSE
negsent1_1217,"prednisolone,antibiotics","operations,internal fixation,chemotherapy",FALSE
pos_806,5-aminosalicylic acid,sensorimotor polyneuropathy,FALSE
pos_3468,"quinidine,quinine",iatrogenic hypoglycaemia,FALSE
pos_2635,cytosine arabinoside,"death,horner's syndrome,severe demyelinating peripheral neuropathy",FALSE
pos_4027,"carbamazepine,clarithromycin","carbamazepine toxicity,increased plasma carbamazepine",FALSE
pos_3986,"erythromycin,lovastatin",rhabdomyolysis,FALSE
pos_1136,"aminophylline,ethylenediamine",aminophylline hypersensitivity,FALSE
pos_1218,ziprasidone,"extrapyramidal symptoms,tardive dyskinesia,td",FALSE
pos_4259,mineral oil,"elp,roentgenographic abnormalities",FALSE
pos_3121,"2-propylpentanoic acid,phenobarbitone,valproate,vpa",severe unilateral grand mal seizure,FALSE
pos_2321,"leuprolide acetate,lupron",polymyositis,FALSE
pos_52,all-trans-retinoic acid,acute neutrophilic dermatosis,FALSE
pos_2213,amantadine,cornea,FALSE
negsent1_1070,"interferon alfa,ribavirin",,FALSE
pos_4205,naproxen,"tinnitus,transient hearing loss",FALSE
pos_4030,az,az intoxication,FALSE
negsent1_1121,adriamycin,relapse,FALSE
pos_1625,simvastatin,"rippling muscle disease,rmd",FALSE
pos_2736,co-trimoxazole,red cell aplasia,FALSE
pos_189,nitrofurantoin,lung disease,FALSE
negsent1_284,vasopressin,skin lesion progressed to bullae formation with extensive superficial erosion,FALSE
pos_2789,"captopril,dyazide,nadolol",attacks of asthma,FALSE
pos_479,cddp,siadh,FALSE
pos_899,sulfasalazine,"pulmonary infiltrates,skin pigmentation",FALSE
pos_841,tamoxifen,"acute abdomen,endometriosis",FALSE
pos_2166,dscg,urticaria,FALSE
negsent1_1158,etanercept,,FALSE
pos_3393,griseofulvin,"lupus,nephrotic syndrome",FALSE
pos_2260,epirubicin,primary and secondary perforation of the bladder,FALSE
pos_2632,cytosine arabinoside,"demyelinating peripheral neuropathy,horner's syndrome",FALSE
pos_2725,"decadron,cisplatin","bilateral posterior subcapsular cataracts,nausea,visual impairment",FALSE
pos_1979,methotrexate,sub-acute neurotoxicity,FALSE
pos_2307,divalproex sodium,eosinophilic pleural effusion,FALSE
negsent1_958,"etanercept,methotrexate",rheumatoid arthritis,FALSE
pos_3381,atovaquone,vortex keratopathy,FALSE
pos_4234,mtx,"hepatic injury,liver enzyme elevations",FALSE
pos_1916,fluoroquinolone,torsade de pointes,FALSE
pos_2221,imatinib,tumor lysis syndrome,FALSE
negsent1_38,"sulfasalazine,steroids",dramatic improvement,FALSE
pos_105,d-pen,bicytopenia,FALSE
pos_1755,erlotinib,hepatotoxicity,FALSE
pos_3376,"dilantin,diphenylhydantoin","igg lambda-type monoclonal gammopathy,multiple myeloma",FALSE
pos_2343,carbamazepine,hyperammonemia,FALSE
pos_38,salazosulfapyridine,acute generalized exanthematous pustulosis,FALSE
pos_1184,etanercept,pulmonary signs and symptoms with alveolar infiltrates,FALSE
pos_4166,clozapine,rhabdomyolysis,FALSE
negsent1_396,oxaliplatin,radiotherapy,FALSE
pos_862,cefuroxime,iha,FALSE
pos_204,cyanamide,hepatic lesion with ground-glass inclusion bodies,FALSE
pos_1139,l-asparaginase,severe necrotizing pancreatitis,FALSE
pos_990,topiramate,acute myopia,FALSE
pos_3222,amphojel,small-bowel obstruction,FALSE
negsent1_6,ceftriaxone,"gallbladder, biliary tract, liver or pancreas dysfunction,complications",FALSE
pos_432,morphine,"biliary colic,pain",FALSE
pos_3412,acyclovir,acute renal failure,FALSE
pos_876,"ciprofloxacin,piperacillin,tazobactam",thrombocyte count started to increase,FALSE
pos_3489,levamisole,multifocal inflammatory leukoencephalopathy,FALSE
pos_4094,"actinomycin d,vincristine",hepatotoxicity,FALSE
pos_584,amifostine,"allergic reactions,hypocalcemia,hypotension,nausea,vomiting",FALSE
pos_1013,methylphenidate,fixed drug eruption of the scrotum,FALSE
pos_2051,muzolimine,severe neuromyeloencephalopathy,FALSE
pos_3883,insulin,lipoatrophies,FALSE
pos_1320,infliximab,agranulocytosis,FALSE
pos_4018,cisplatin,"abdominal pain,dyspnea,fever,general erythema,hypersensitivity reactions,hypotension",FALSE
pos_2572,ciprofloxacin,interstitial nephritis,FALSE
negsent1_780,morphine,,FALSE
pos_2769,niacin,visual symptoms,FALSE
negsent1_831,"heparin,heparinoid",parenteral anticoagulation,FALSE
pos_2788,salicylate,hepatotoxicity,FALSE
negsent1_616,tacrolimus,"steroid-resistant nephrotic syndrome,life-threatening side effect",FALSE
negsent1_1206,"doxorubicin,cardiac glycosides",adverse effects,FALSE
negsent1_13,practolol,side effects,FALSE
pos_860,clonazepam,behavioral exacerbation,FALSE
pos_2354,bevacizumab,acute ocular ischemic change,FALSE
pos_207,cyanamide,elevation of serum transaminases,FALSE
pos_1791,amiodarone,"pancreatitis,pancreatitis",FALSE
pos_1366,quetiapine,diabetic ketoacidosis,FALSE
pos_1220,carbamazepine,no motile sperm,FALSE
pos_2138,temozolomide,disseminated salmonellosis,FALSE
pos_1372,fluoxetine,"death,neurological and cardiovascular toxicity",FALSE
negsent1_492,gemcitabine,,FALSE
negsent1_769,"phenobarbital,phenytoin,carbamazepine",,FALSE
pos_3492,eo,noncardiogenic pulmonary edema,FALSE
pos_2220,imatinib,tumor lysis syndrome,FALSE
pos_1036,"chloroquine,hydroxychloroquine",maculopathy,FALSE
pos_2958,verapamil,cardiac decompensation,FALSE
negsent1_1102,"bleomycin,etoposide,cisplatin","left salpingo-oophorectomy,combination chemotherapy",FALSE
pos_863,argatroban,bleeding,FALSE
pos_3498,"phenytoin,pht",unilateral gingival hyperplasia,FALSE
negsent1_150,"nefazodone,alprazolam",,FALSE
pos_2957,verapamil,hemodynamic decompensation,FALSE
neg_74,salsalate,eruption,FALSE
negsent1_60,"caffeine,esmolol","toxicity,treatment",FALSE
pos_526,inh,drug eruptions,FALSE
negsent1_1228,"infliximab,etanercept","treatment of inflammatory diseases,rheumatoid arthritis",FALSE
pos_3598,"bcnu,carmustine",severe diffuse interstitial pneumonitis,FALSE
pos_99,sodium phosphate,hyperphosphatemia,FALSE
pos_2912,amsacrine,"cardiotoxicity,myocardial necrosis",FALSE
pos_2397,sorafenib,severe interstitial pneumonia,FALSE
pos_3202,theophylline,gynecomastia,FALSE
negsent1_518,etoposide,"palliative agent,risks",FALSE
pos_4148,fludarabine,severe respiratory syncytial virus pulmonary infection,FALSE
pos_2650,clofazimine,"discoloration of nail plate,onycholysis,subungual hyperkeratosis",FALSE
pos_3193,"1,3-bis(2-chloroethyl)-1-nitrosourea,bcnu",fatal pulmonary fibrosis,FALSE
pos_1202,ptu,fulminant hepatitis,FALSE
pos_3339,niflumic acid,skeletal fluorosis,FALSE
pos_4266,metoclopramide,nonthrombocytopenic palpable purpura,FALSE
pos_73,minocycline,"chills,fatigue,fever,generalized, pruritic, macular eruption,night sweats",FALSE
negsent1_1124,brimonidine,normal tension glaucoma,FALSE
pos_1163,warfarin,fatal haemorrhage,FALSE
pos_3777,albendazole,pseudomembranous colitis,FALSE
pos_1718,nimesulide,"acute generalized exanthematous pustulosis,agep",FALSE
pos_1073,oxaliplatin,dat-positive hemolytic episode,FALSE
pos_4049,5-aminosalicylic acid,acute pancreatitis,FALSE
pos_2711,ampicillin,"eosinophilia,renal failure,skin rash",FALSE
pos_2207,amantadine,edema,FALSE
pos_2363,linezolid,"eosinophilia,facial edema,macular rash,marked increase in serum creatinine level,mild hepatitis,severe pruritus",FALSE
negsent1_654,"aprotinin,aprotinin injection",,FALSE
pos_2544,5-fluorouracil,glaucoma,FALSE
negsent1_288,chlorambucil,polycythaemia vera,FALSE
pos_2876,nifedipine,rupture of a cerebral aneurysm,FALSE
pos_752,lisinopril,multiorgan failure,FALSE
negsent1_1000,"methanol,fomepizole",inhibit retinol dehydrogenase,FALSE
pos_3529,high-lipase pancreatin,"stricture of the hepatic flexure region with associated narrowing,submucosal fibrosis of the transverse colon",FALSE
pos_3137,d-penicillamine,mammary gigantism,FALSE
pos_2484,enoxaparin,thrombocytosis,FALSE
negsent1_1244,alprazolam,delirium,FALSE
pos_1052,colchicine,pd,FALSE
pos_4112,risperidone,syndrome of increased affect,FALSE
pos_3545,ppa,"paranoid psychosis,psychiatric adverse effects",FALSE
pos_3576,ibopamine,leukopenia,FALSE
pos_4050,mesalamine,acute pancreatitis,FALSE
negsent1_17,clozapine,"serotonin syndrome,clozapine withdrawal",FALSE
pos_1687,olanzapine,severe neutropenia,FALSE
pos_2811,desipramine,anhedonic ejaculation,FALSE
pos_3755,cisplatin,colitis,FALSE
pos_4011,amphotericin b,severe side effects,FALSE
pos_2733,valproic acid,dementia,FALSE
pos_3503,propoxyphene,wide complex dysrhythmia,FALSE
pos_1969,methotrexate,papular eruption,FALSE
pos_2441,"interferon,ribavirin",hallucinations,FALSE
pos_3524,phenytoin,"basilar invagination,mid-line skeletal abnormalities",FALSE
pos_1348,"interferon alfa,pegylated interferon alfa-2b",cutaneous necrosis,FALSE
pos_1272,tacrolimus,mucosal pigmentation,FALSE
negsent1_702,"bisphosphonate,bisphosphonates","renal impairment,hypocalcaemia",FALSE
pos_1904,"cyclosporine,simvastatin",rhabdomyolysis,FALSE
pos_573,interferon (ifn)-beta,proteinuria,FALSE
pos_2100,voriconazole,angio-oedema,FALSE
pos_1292,cyclosporine,cholestasis,FALSE
pos_3843,"magnesium,vecuronium",protracted neuromuscular block,FALSE
pos_3109,fluoxetine,manic episode,FALSE
pos_2626,fluoxetine,akathisia,FALSE
pos_2975,isoniazid,pellagra encephalopathy,FALSE
negsent1_1035,"diamorphine,intrathecal diamorphine",allergic reaction,FALSE
pos_1957,amiodarone,hypothyroidism,FALSE
negsent1_157,mirtazapine,therapy,FALSE
pos_740,l-asparaginase,"cortical venous thrombosis,dural puncture headache",FALSE
pos_3925,colchicine,"adverse effect on wound healing,collagenase activation",FALSE
pos_794,insulin,"anti-natriuresis,hyperinsulinaemia,hypoalbuminaemia,increased vascular permeability,insulin insensitivity",FALSE
pos_102,amiodarone,torsades de pointes,FALSE
pos_2863,d-penicillamine,neurologic deterioration,FALSE
pos_2056,anastrozole,sclerosing glomerulonephritis,FALSE
negsent1_108,"alum,aluminum",death,FALSE
pos_2011,carbamazepine,antidiuresis,FALSE
pos_3851,ecstasy,ecstasy poisoning,FALSE
